Image Name,Class Name,Date,Location,Temperature,Weather,Device
Healthy (1),Healthy,10/3/2025,"Madhupur, Tangail",32° C,Sunny,iQOO Z9 Turbo 
Healthy (2),Healthy,10/3/2025,"Madhupur, Tangail",32° C,Sunny,iQOO Z9 Turbo 
Healthy (3),Healthy,10/3/2025,"Madhupur, Tangail",32° C,Sunny,iQOO Z9 Turbo 
Healthy (4),Healthy,10/3/2025,"Madhupur, Tangail",32° C,Sunny,iQOO Z9 Turbo 
Healthy (5),Healthy,10/3/2025,"Madhupur, Tangail",32° C,Sunny,iQOO Z9 Turbo 
Healthy (6),Healthy,10/3/2025,"Madhupur, Tangail",32° C,Sunny,iQOO Z9 Turbo 
Healthy (7),Healthy,10/3/2025,"Madhupur, Tangail",32° C,Sunny,iQOO Z9 Turbo 
Healthy (8),Healthy,10/3/2025,"Madhupur, Tangail",32° C,Sunny,iQOO Z9 Turbo 
Healthy (9),Healthy,10/3/2025,"Madhupur, Tangail",32° C,Sunny,iQOO Z9 Turbo 
Healthy (10),Healthy,10/3/2025,"Madhupur, Tangail",32° C,Sunny,iQOO Z9 Turbo 
Healthy (11),Healthy,10/3/2025,"Madhupur, Tangail",32° C,Sunny,iQOO Z9 Turbo 
Healthy (12),Healthy,10/3/2025,"Madhupur, Tangail",32° C,Sunny,iQOO Z9 Turbo 
Healthy (13),Healthy,10/3/2025,"Madhupur, Tangail",32° C,Sunny,iQOO Z9 Turbo 
Healthy (14),Healthy,10/3/2025,"Madhupur, Tangail",32° C,Sunny,iQOO Z9 Turbo 
Healthy (15),Healthy,10/3/2025,"Madhupur, Tangail",32° C,Sunny,iQOO Z9 Turbo 
Healthy (16),Healthy,10/3/2025,"Madhupur, Tangail",32° C,Sunny,iQOO Z9 Turbo 
Healthy (17),Healthy,10/3/2025,"Madhupur, Tangail",32° C,Sunny,iQOO Z9 Turbo 
Healthy (18),Healthy,10/3/2025,"Madhupur, Tangail",32° C,Sunny,iQOO Z9 Turbo 
Healthy (19),Healthy,10/3/2025,"Madhupur, Tangail",32° C,Sunny,iQOO Z9 Turbo 
Healthy (20),Healthy,10/3/2025,"Madhupur, Tangail",32° C,Sunny,iQOO Z9 Turbo 
Healthy (21),Healthy,10/3/2025,"Madhupur, Tangail",32° C,Sunny,iQOO Z9 Turbo 
Healthy (22),Healthy,10/3/2025,"Madhupur, Tangail",32° C,Sunny,iQOO Z9 Turbo 
Healthy (23),Healthy,10/3/2025,"Madhupur, Tangail",32° C,Sunny,iQOO Z9 Turbo 
Healthy (24),Healthy,10/3/2025,"Madhupur, Tangail",32° C,Sunny,iQOO Z9 Turbo 
Healthy (25),Healthy,10/3/2025,"Madhupur, Tangail",32° C,Sunny,iQOO Z9 Turbo 
Healthy (26),Healthy,10/3/2025,"Madhupur, Tangail",32° C,Sunny,iQOO Z9 Turbo 
Healthy (27),Healthy,10/3/2025,"Madhupur, Tangail",32° C,Sunny,iQOO Z9 Turbo 
Healthy (28),Healthy,10/3/2025,"Madhupur, Tangail",32° C,Sunny,iQOO Z9 Turbo 
Healthy (29),Healthy,10/3/2025,"Madhupur, Tangail",32° C,Sunny,iQOO Z9 Turbo 
Healthy (30),Healthy,10/3/2025,"Madhupur, Tangail",32° C,Sunny,iQOO Z9 Turbo 
Healthy (31),Healthy,10/3/2025,"Madhupur, Tangail",32° C,Sunny,iQOO Z9 Turbo 
Healthy (32),Healthy,10/3/2025,"Madhupur, Tangail",32° C,Sunny,iQOO Z9 Turbo 
Healthy (33),Healthy,10/3/2025,"Madhupur, Tangail",32° C,Sunny,iQOO Z9 Turbo 
Healthy (34),Healthy,10/3/2025,"Madhupur, Tangail",32° C,Sunny,iQOO Z9 Turbo 
Healthy (35),Healthy,10/3/2025,"Madhupur, Tangail",32° C,Sunny,iQOO Z9 Turbo 
Healthy (36),Healthy,10/3/2025,"Madhupur, Tangail",32° C,Sunny,iQOO Z9 Turbo 
Healthy (37),Healthy,10/3/2025,"Madhupur, Tangail",32° C,Sunny,iQOO Z9 Turbo 
Healthy (38),Healthy,10/3/2025,"Madhupur, Tangail",32° C,Sunny,iQOO Z9 Turbo 
Healthy (39),Healthy,10/3/2025,"Madhupur, Tangail",32° C,Sunny,iQOO Z9 Turbo 
Healthy (40),Healthy,10/3/2025,"Madhupur, Tangail",32° C,Sunny,iQOO Z9 Turbo 
Healthy (41),Healthy,10/3/2025,"Madhupur, Tangail",32° C,Sunny,iQOO Z9 Turbo 
Healthy (42),Healthy,10/3/2025,"Madhupur, Tangail",32° C,Sunny,iQOO Z9 Turbo 
Healthy (43),Healthy,10/3/2025,"Madhupur, Tangail",32° C,Sunny,iQOO Z9 Turbo 
Healthy (44),Healthy,10/3/2025,"Madhupur, Tangail",32° C,Sunny,iQOO Z9 Turbo 
Healthy (45),Healthy,10/3/2025,"Madhupur, Tangail",32° C,Sunny,iQOO Z9 Turbo 
Healthy (46),Healthy,10/3/2025,"Madhupur, Tangail",32° C,Sunny,iQOO Z9 Turbo 
Healthy (47),Healthy,10/3/2025,"Madhupur, Tangail",32° C,Sunny,iQOO Z9 Turbo 
Healthy (48),Healthy,10/3/2025,"Madhupur, Tangail",32° C,Sunny,iQOO Z9 Turbo 
Healthy (49),Healthy,10/3/2025,"Madhupur, Tangail",32° C,Sunny,iQOO Z9 Turbo 
Healthy (50),Healthy,10/3/2025,"Madhupur, Tangail",32° C,Sunny,iQOO Z9 Turbo 
Healthy (51),Healthy,10/3/2025,"Madhupur, Tangail",32° C,Sunny,iQOO Z9 Turbo 
Healthy (52),Healthy,10/3/2025,"Madhupur, Tangail",32° C,Sunny,iQOO Z9 Turbo 
Healthy (53),Healthy,10/3/2025,"Madhupur, Tangail",32° C,Sunny,iQOO Z9 Turbo 
Healthy (54),Healthy,10/3/2025,"Madhupur, Tangail",32° C,Sunny,iQOO Z9 Turbo 
Healthy (55),Healthy,10/3/2025,"Madhupur, Tangail",32° C,Sunny,iQOO Z9 Turbo 
Healthy (56),Healthy,10/3/2025,"Madhupur, Tangail",32° C,Sunny,iQOO Z9 Turbo 
Healthy (57),Healthy,10/3/2025,"Madhupur, Tangail",32° C,Sunny,iQOO Z9 Turbo 
Healthy (58),Healthy,10/3/2025,"Madhupur, Tangail",32° C,Sunny,iQOO Z9 Turbo 
Healthy (59),Healthy,10/3/2025,"Madhupur, Tangail",32° C,Sunny,iQOO Z9 Turbo 
Healthy (60),Healthy,10/3/2025,"Madhupur, Tangail",32° C,Sunny,iQOO Z9 Turbo 
Healthy (61),Healthy,10/3/2025,"Madhupur, Tangail",32° C,Sunny,iQOO Z9 Turbo 
Healthy (62),Healthy,10/3/2025,"Madhupur, Tangail",32° C,Sunny,iQOO Z9 Turbo 
Healthy (63),Healthy,10/3/2025,"Madhupur, Tangail",32° C,Sunny,iQOO Z9 Turbo 
Healthy (64),Healthy,10/3/2025,"Madhupur, Tangail",32° C,Sunny,iQOO Z9 Turbo 
Healthy (65),Healthy,10/3/2025,"Madhupur, Tangail",32° C,Sunny,iQOO Z9 Turbo 
Healthy (66),Healthy,10/3/2025,"Madhupur, Tangail",32° C,Sunny,iQOO Z9 Turbo 
Healthy (67),Healthy,10/3/2025,"Madhupur, Tangail",32° C,Sunny,iQOO Z9 Turbo 
Healthy (68),Healthy,10/3/2025,"Madhupur, Tangail",32° C,Sunny,iQOO Z9 Turbo 
Healthy (69),Healthy,10/3/2025,"Madhupur, Tangail",32° C,Sunny,iQOO Z9 Turbo 
Healthy (70),Healthy,10/3/2025,"Madhupur, Tangail",32° C,Sunny,iQOO Z9 Turbo 
Healthy (71),Healthy,10/3/2025,"Madhupur, Tangail",32° C,Sunny,iQOO Z9 Turbo 
Healthy (72),Healthy,10/3/2025,"Madhupur, Tangail",32° C,Sunny,iQOO Z9 Turbo 
Healthy (73),Healthy,10/3/2025,"Madhupur, Tangail",32° C,Sunny,iQOO Z9 Turbo 
Healthy (74),Healthy,10/3/2025,"Madhupur, Tangail",32° C,Sunny,iQOO Z9 Turbo 
Healthy (75),Healthy,10/3/2025,"Madhupur, Tangail",32° C,Sunny,iQOO Z9 Turbo 
Healthy (76),Healthy,10/3/2025,"Madhupur, Tangail",32° C,Sunny,iQOO Z9 Turbo 
Healthy (77),Healthy,10/3/2025,"Madhupur, Tangail",32° C,Sunny,iQOO Z9 Turbo 
Healthy (78),Healthy,10/3/2025,"Madhupur, Tangail",32° C,Sunny,iQOO Z9 Turbo 
Healthy (79),Healthy,10/3/2025,"Madhupur, Tangail",32° C,Sunny,iQOO Z9 Turbo 
Healthy (80),Healthy,10/3/2025,"Madhupur, Tangail",32° C,Sunny,iQOO Z9 Turbo 
Healthy (81),Healthy,10/3/2025,"Madhupur, Tangail",32° C,Sunny,iQOO Z9 Turbo 
Healthy (82),Healthy,10/3/2025,"Madhupur, Tangail",32° C,Sunny,iQOO Z9 Turbo 
Healthy (83),Healthy,10/3/2025,"Madhupur, Tangail",32° C,Sunny,iQOO Z9 Turbo 
Healthy (84),Healthy,10/3/2025,"Madhupur, Tangail",32° C,Sunny,iQOO Z9 Turbo 
Healthy (85),Healthy,10/3/2025,"Madhupur, Tangail",32° C,Sunny,iQOO Z9 Turbo 
Healthy (86),Healthy,10/3/2025,"Madhupur, Tangail",32° C,Sunny,iQOO Z9 Turbo 
Healthy (87),Healthy,10/3/2025,"Madhupur, Tangail",32° C,Sunny,iQOO Z9 Turbo 
Healthy (88),Healthy,10/3/2025,"Madhupur, Tangail",32° C,Sunny,iQOO Z9 Turbo 
Healthy (89),Healthy,10/3/2025,"Madhupur, Tangail",32° C,Sunny,iQOO Z9 Turbo 
Healthy (90),Healthy,10/3/2025,"Madhupur, Tangail",32° C,Sunny,iQOO Z9 Turbo 
Healthy (91),Healthy,10/3/2025,"Madhupur, Tangail",32° C,Sunny,iQOO Z9 Turbo 
Healthy (92),Healthy,10/3/2025,"Madhupur, Tangail",32° C,Sunny,iQOO Z9 Turbo 
Healthy (93),Healthy,10/3/2025,"Madhupur, Tangail",32° C,Sunny,iQOO Z9 Turbo 
Healthy (94),Healthy,10/3/2025,"Madhupur, Tangail",32° C,Sunny,iQOO Z9 Turbo 
Healthy (95),Healthy,10/3/2025,"Madhupur, Tangail",32° C,Sunny,iQOO Z9 Turbo 
Healthy (96),Healthy,10/3/2025,"Madhupur, Tangail",32° C,Sunny,iQOO Z9 Turbo 
Healthy (97),Healthy,10/3/2025,"Madhupur, Tangail",32° C,Sunny,iQOO Z9 Turbo 
Healthy (98),Healthy,10/3/2025,"Madhupur, Tangail",32° C,Sunny,iQOO Z9 Turbo 
Healthy (99),Healthy,10/3/2025,"Madhupur, Tangail",32° C,Sunny,iQOO Z9 Turbo 
Healthy (100),Healthy,10/3/2025,"Madhupur, Tangail",32° C,Sunny,iQOO Z9 Turbo 
Healthy (101),Healthy,10/3/2025,"Madhupur, Tangail",32° C,Sunny,iQOO Z9 Turbo 
Healthy (102),Healthy,10/3/2025,"Madhupur, Tangail",32° C,Sunny,iQOO Z9 Turbo 
Healthy (103),Healthy,10/3/2025,"Madhupur, Tangail",32° C,Sunny,iQOO Z9 Turbo 
Healthy (104),Healthy,10/3/2025,"Madhupur, Tangail",32° C,Sunny,iQOO Z9 Turbo 
Healthy (105),Healthy,10/3/2025,"Madhupur, Tangail",32° C,Sunny,iQOO Z9 Turbo 
Healthy (106),Healthy,10/3/2025,"Madhupur, Tangail",32° C,Sunny,iQOO Z9 Turbo 
Healthy (107),Healthy,10/3/2025,"Madhupur, Tangail",32° C,Sunny,iQOO Z9 Turbo 
Healthy (108),Healthy,10/3/2025,"Madhupur, Tangail",32° C,Sunny,iQOO Z9 Turbo 
Healthy (109),Healthy,10/3/2025,"Madhupur, Tangail",32° C,Sunny,iQOO Z9 Turbo 
Healthy (110),Healthy,10/3/2025,"Madhupur, Tangail",32° C,Sunny,iQOO Z9 Turbo 
Healthy (111),Healthy,10/3/2025,"Madhupur, Tangail",32° C,Sunny,iQOO Z9 Turbo 
Healthy (112),Healthy,10/3/2025,"Madhupur, Tangail",32° C,Sunny,iQOO Z9 Turbo 
Healthy (113),Healthy,10/3/2025,"Madhupur, Tangail",32° C,Sunny,iQOO Z9 Turbo 
Healthy (114),Healthy,10/3/2025,"Madhupur, Tangail",32° C,Sunny,iQOO Z9 Turbo 
Healthy (115),Healthy,10/3/2025,"Madhupur, Tangail",32° C,Sunny,iQOO Z9 Turbo 
Healthy (116),Healthy,10/3/2025,"Madhupur, Tangail",32° C,Sunny,iQOO Z9 Turbo 
Healthy (117),Healthy,10/3/2025,"Madhupur, Tangail",32° C,Sunny,iQOO Z9 Turbo 
Healthy (118),Healthy,10/3/2025,"Madhupur, Tangail",32° C,Sunny,iQOO Z9 Turbo 
Healthy (119),Healthy,10/3/2025,"Madhupur, Tangail",32° C,Sunny,iQOO Z9 Turbo 
Healthy (120),Healthy,10/3/2025,"Madhupur, Tangail",32° C,Sunny,iQOO Z9 Turbo 
Healthy (121),Healthy,10/3/2025,"Madhupur, Tangail",32° C,Sunny,iQOO Z9 Turbo 
Healthy (122),Healthy,10/3/2025,"Madhupur, Tangail",32° C,Sunny,iQOO Z9 Turbo 
Healthy (123),Healthy,10/3/2025,"Madhupur, Tangail",32° C,Sunny,iQOO Z9 Turbo 
Healthy (124),Healthy,10/3/2025,"Madhupur, Tangail",32° C,Sunny,iQOO Z9 Turbo 
Healthy (125),Healthy,10/3/2025,"Madhupur, Tangail",32° C,Sunny,iQOO Z9 Turbo 
Healthy (126),Healthy,10/3/2025,"Madhupur, Tangail",32° C,Sunny,iQOO Z9 Turbo 
Healthy (127),Healthy,10/3/2025,"Madhupur, Tangail",32° C,Sunny,iQOO Z9 Turbo 
Healthy (128),Healthy,10/3/2025,"Madhupur, Tangail",32° C,Sunny,iQOO Z9 Turbo 
Healthy (129),Healthy,10/3/2025,"Madhupur, Tangail",32° C,Sunny,iQOO Z9 Turbo 
Healthy (130),Healthy,10/3/2025,"Madhupur, Tangail",32° C,Sunny,iQOO Z9 Turbo 
Healthy (131),Healthy,10/3/2025,"Madhupur, Tangail",32° C,Sunny,iQOO Z9 Turbo 
Healthy (132),Healthy,10/3/2025,"Madhupur, Tangail",32° C,Sunny,iQOO Z9 Turbo 
Healthy (133),Healthy,10/3/2025,"Madhupur, Tangail",32° C,Sunny,iQOO Z9 Turbo 
Healthy (134),Healthy,10/3/2025,"Madhupur, Tangail",32° C,Sunny,iQOO Z9 Turbo 
Healthy (135),Healthy,10/3/2025,"Madhupur, Tangail",32° C,Sunny,iQOO Z9 Turbo 
Healthy (136),Healthy,10/3/2025,"Madhupur, Tangail",32° C,Sunny,iQOO Z9 Turbo 
Healthy (137),Healthy,10/3/2025,"Madhupur, Tangail",32° C,Sunny,iQOO Z9 Turbo 
Healthy (138),Healthy,10/3/2025,"Madhupur, Tangail",32° C,Sunny,iQOO Z9 Turbo 
Healthy (139),Healthy,10/3/2025,"Madhupur, Tangail",32° C,Sunny,iQOO Z9 Turbo 
Healthy (140),Healthy,10/3/2025,"Madhupur, Tangail",32° C,Sunny,iQOO Z9 Turbo 
Healthy (141),Healthy,10/3/2025,"Madhupur, Tangail",32° C,Sunny,iQOO Z9 Turbo 
Healthy (142),Healthy,10/3/2025,"Madhupur, Tangail",32° C,Sunny,iQOO Z9 Turbo 
Healthy (143),Healthy,10/3/2025,"Madhupur, Tangail",32° C,Sunny,iQOO Z9 Turbo 
Healthy (144),Healthy,10/3/2025,"Madhupur, Tangail",32° C,Sunny,iQOO Z9 Turbo 
Healthy (145),Healthy,10/3/2025,"Madhupur, Tangail",32° C,Sunny,iQOO Z9 Turbo 
Healthy (146),Healthy,10/3/2025,"Madhupur, Tangail",32° C,Sunny,iQOO Z9 Turbo 
Healthy (147),Healthy,10/3/2025,"Madhupur, Tangail",32° C,Sunny,iQOO Z9 Turbo 
Healthy (148),Healthy,10/3/2025,"Madhupur, Tangail",32° C,Sunny,iQOO Z9 Turbo 
Healthy (149),Healthy,10/3/2025,"Madhupur, Tangail",32° C,Sunny,iQOO Z9 Turbo 
Healthy (150),Healthy,10/3/2025,"Madhupur, Tangail",32° C,Sunny,iQOO Z9 Turbo 
Healthy (151),Healthy,10/3/2025,"Madhupur, Tangail",32° C,Sunny,iQOO Z9 Turbo 
Healthy (152),Healthy,10/3/2025,"Madhupur, Tangail",32° C,Sunny,iQOO Z9 Turbo 
Healthy (153),Healthy,10/3/2025,"Madhupur, Tangail",32° C,Sunny,iQOO Z9 Turbo 
Healthy (154),Healthy,10/3/2025,"Madhupur, Tangail",32° C,Sunny,iQOO Z9 Turbo 
Healthy (155),Healthy,10/3/2025,"Madhupur, Tangail",32° C,Sunny,iQOO Z9 Turbo 
Healthy (156),Healthy,10/3/2025,"Madhupur, Tangail",32° C,Sunny,iQOO Z9 Turbo 
Healthy (157),Healthy,10/3/2025,"Madhupur, Tangail",32° C,Sunny,iQOO Z9 Turbo 
Healthy (158),Healthy,10/3/2025,"Madhupur, Tangail",32° C,Sunny,iQOO Z9 Turbo 
Healthy (159),Healthy,10/3/2025,"Madhupur, Tangail",32° C,Sunny,iQOO Z9 Turbo 
Healthy (160),Healthy,10/3/2025,"Madhupur, Tangail",32° C,Sunny,iQOO Z9 Turbo 
Healthy (161),Healthy,10/3/2025,"Madhupur, Tangail",32° C,Sunny,iQOO Z9 Turbo 
Healthy (162),Healthy,10/3/2025,"Madhupur, Tangail",32° C,Sunny,iQOO Z9 Turbo 
Healthy (163),Healthy,10/3/2025,"Madhupur, Tangail",32° C,Sunny,iQOO Z9 Turbo 
Healthy (164),Healthy,10/3/2025,"Madhupur, Tangail",32° C,Sunny,iQOO Z9 Turbo 
Healthy (165),Healthy,10/3/2025,"Madhupur, Tangail",32° C,Sunny,iQOO Z9 Turbo 
Healthy (166),Healthy,10/3/2025,"Madhupur, Tangail",32° C,Sunny,iQOO Z9 Turbo 
Healthy (167),Healthy,10/3/2025,"Madhupur, Tangail",32° C,Sunny,iQOO Z9 Turbo 
Healthy (168),Healthy,10/3/2025,"Madhupur, Tangail",32° C,Sunny,iQOO Z9 Turbo 
Healthy (169),Healthy,10/3/2025,"Madhupur, Tangail",32° C,Sunny,iQOO Z9 Turbo 
Healthy (170),Healthy,10/3/2025,"Madhupur, Tangail",32° C,Sunny,iQOO Z9 Turbo 
Healthy (171),Healthy,10/3/2025,"Madhupur, Tangail",32° C,Sunny,iQOO Z9 Turbo 
Healthy (172),Healthy,10/3/2025,"Madhupur, Tangail",32° C,Sunny,iQOO Z9 Turbo 
Healthy (173),Healthy,10/3/2025,"Madhupur, Tangail",32° C,Sunny,iQOO Z9 Turbo 
Healthy (174),Healthy,10/3/2025,"Madhupur, Tangail",32° C,Sunny,iQOO Z9 Turbo 
Healthy (175),Healthy,10/3/2025,"Madhupur, Tangail",32° C,Sunny,iQOO Z9 Turbo 
Healthy (176),Healthy,10/3/2025,"Madhupur, Tangail",32° C,Sunny,iQOO Z9 Turbo 
Healthy (177),Healthy,10/3/2025,"Madhupur, Tangail",32° C,Sunny,iQOO Z9 Turbo 
Healthy (178),Healthy,10/3/2025,"Madhupur, Tangail",32° C,Sunny,iQOO Z9 Turbo 
Healthy (179),Healthy,10/3/2025,"Madhupur, Tangail",32° C,Sunny,iQOO Z9 Turbo 
Healthy (180),Healthy,10/3/2025,"Madhupur, Tangail",32° C,Sunny,iQOO Z9 Turbo 
Healthy (181),Healthy,10/3/2025,"Madhupur, Tangail",32° C,Sunny,iQOO Z9 Turbo 
Healthy (182),Healthy,10/3/2025,"Madhupur, Tangail",32° C,Sunny,iQOO Z9 Turbo 
Healthy (183),Healthy,10/3/2025,"Madhupur, Tangail",32° C,Sunny,iQOO Z9 Turbo 
Healthy (184),Healthy,10/3/2025,"Madhupur, Tangail",32° C,Sunny,iQOO Z9 Turbo 
Healthy (185),Healthy,10/3/2025,"Madhupur, Tangail",32° C,Sunny,iQOO Z9 Turbo 
Healthy (186),Healthy,10/3/2025,"Madhupur, Tangail",32° C,Sunny,iQOO Z9 Turbo 
Healthy (187),Healthy,10/3/2025,"Madhupur, Tangail",32° C,Sunny,iQOO Z9 Turbo 
Healthy (188),Healthy,10/3/2025,"Madhupur, Tangail",32° C,Sunny,iQOO Z9 Turbo 
Healthy (189),Healthy,10/3/2025,"Madhupur, Tangail",32° C,Sunny,iQOO Z9 Turbo 
Healthy (190),Healthy,10/3/2025,"Madhupur, Tangail",32° C,Sunny,iQOO Z9 Turbo 
Healthy (191),Healthy,10/3/2025,"Madhupur, Tangail",32° C,Sunny,iQOO Z9 Turbo 
Healthy (192),Healthy,10/3/2025,"Madhupur, Tangail",32° C,Sunny,iQOO Z9 Turbo 
Healthy (193),Healthy,10/3/2025,"Madhupur, Tangail",32° C,Sunny,iQOO Z9 Turbo 
Healthy (194),Healthy,10/3/2025,"Madhupur, Tangail",32° C,Sunny,iQOO Z9 Turbo 
Healthy (195),Healthy,10/3/2025,"Madhupur, Tangail",32° C,Sunny,iQOO Z9 Turbo 
Healthy (196),Healthy,10/3/2025,"Madhupur, Tangail",32° C,Sunny,iQOO Z9 Turbo 
Healthy (197),Healthy,10/3/2025,"Madhupur, Tangail",32° C,Sunny,iQOO Z9 Turbo 
Healthy (198),Healthy,10/3/2025,"Madhupur, Tangail",32° C,Sunny,iQOO Z9 Turbo 
Healthy (199),Healthy,10/3/2025,"Madhupur, Tangail",32° C,Sunny,iQOO Z9 Turbo 
Healthy (200),Healthy,10/3/2025,"Madhupur, Tangail",32° C,Sunny,iQOO Z9 Turbo 
Healthy (201),Healthy,10/3/2025,"Madhupur, Tangail",32° C,Sunny,iQOO Z9 Turbo 
Healthy (202),Healthy,10/3/2025,"Madhupur, Tangail",32° C,Sunny,iQOO Z9 Turbo 
Healthy (203),Healthy,10/3/2025,"Madhupur, Tangail",32° C,Sunny,iQOO Z9 Turbo 
Healthy (204),Healthy,10/3/2025,"Madhupur, Tangail",32° C,Sunny,iQOO Z9 Turbo 
Healthy (205),Healthy,10/3/2025,"Madhupur, Tangail",32° C,Sunny,iQOO Z9 Turbo 
Healthy (206),Healthy,10/3/2025,"Madhupur, Tangail",32° C,Sunny,iQOO Z9 Turbo 
Healthy (207),Healthy,10/3/2025,"Madhupur, Tangail",32° C,Sunny,iQOO Z9 Turbo 
Healthy (208),Healthy,10/3/2025,"Madhupur, Tangail",32° C,Sunny,iQOO Z9 Turbo 
Healthy (209),Healthy,10/3/2025,"Madhupur, Tangail",32° C,Sunny,iQOO Z9 Turbo 
Healthy (210),Healthy,10/3/2025,"Madhupur, Tangail",32° C,Sunny,iQOO Z9 Turbo 
Healthy (211),Healthy,10/3/2025,"Madhupur, Tangail",32° C,Sunny,iQOO Z9 Turbo 
Healthy (212),Healthy,10/3/2025,"Madhupur, Tangail",32° C,Sunny,iQOO Z9 Turbo 
Healthy (213),Healthy,10/3/2025,"Madhupur, Tangail",32° C,Sunny,iQOO Z9 Turbo 
Healthy (214),Healthy,10/3/2025,"Madhupur, Tangail",32° C,Sunny,iQOO Z9 Turbo 
Healthy (215),Healthy,10/3/2025,"Madhupur, Tangail",32° C,Sunny,iQOO Z9 Turbo 
Healthy (216),Healthy,10/3/2025,"Madhupur, Tangail",32° C,Sunny,iQOO Z9 Turbo 
Healthy (217),Healthy,10/3/2025,"Madhupur, Tangail",32° C,Sunny,iQOO Z9 Turbo 
Healthy (218),Healthy,10/3/2025,"Madhupur, Tangail",32° C,Sunny,iQOO Z9 Turbo 
Healthy (219),Healthy,10/3/2025,"Madhupur, Tangail",32° C,Sunny,iQOO Z9 Turbo 
Healthy (220),Healthy,10/3/2025,"Madhupur, Tangail",32° C,Sunny,iQOO Z9 Turbo 
Healthy (221),Healthy,10/3/2025,"Madhupur, Tangail",32° C,Sunny,iQOO Z9 Turbo 
Healthy (222),Healthy,10/3/2025,"Madhupur, Tangail",32° C,Sunny,iQOO Z9 Turbo 
Healthy (223),Healthy,10/3/2025,"Madhupur, Tangail",32° C,Sunny,iQOO Z9 Turbo 
Healthy (224),Healthy,10/3/2025,"Madhupur, Tangail",32° C,Sunny,iQOO Z9 Turbo 
Healthy (225),Healthy,10/3/2025,"Madhupur, Tangail",32° C,Sunny,iQOO Z9 Turbo 
Healthy (226),Healthy,10/3/2025,"Madhupur, Tangail",32° C,Sunny,iQOO Z9 Turbo 
Healthy (227),Healthy,10/3/2025,"Madhupur, Tangail",32° C,Sunny,iQOO Z9 Turbo 
Healthy (228),Healthy,10/3/2025,"Madhupur, Tangail",32° C,Sunny,iQOO Z9 Turbo 
Healthy (229),Healthy,10/3/2025,"Madhupur, Tangail",32° C,Sunny,iQOO Z9 Turbo 
Healthy (230),Healthy,10/3/2025,"Madhupur, Tangail",32° C,Sunny,iQOO Z9 Turbo 
Healthy (231),Healthy,10/3/2025,"Madhupur, Tangail",32° C,Sunny,iQOO Z9 Turbo 
Healthy (232),Healthy,10/3/2025,"Madhupur, Tangail",32° C,Sunny,iQOO Z9 Turbo 
Healthy (233),Healthy,10/3/2025,"Madhupur, Tangail",32° C,Sunny,iQOO Z9 Turbo 
Healthy (234),Healthy,10/3/2025,"Madhupur, Tangail",32° C,Sunny,iQOO Z9 Turbo 
Healthy (235),Healthy,10/3/2025,"Madhupur, Tangail",32° C,Sunny,iQOO Z9 Turbo 
Healthy (236),Healthy,10/3/2025,"Madhupur, Tangail",32° C,Sunny,iQOO Z9 Turbo 
Healthy (237),Healthy,10/3/2025,"Madhupur, Tangail",32° C,Sunny,iQOO Z9 Turbo 
Healthy (238),Healthy,10/3/2025,"Madhupur, Tangail",32° C,Sunny,iQOO Z9 Turbo 
Healthy (239),Healthy,10/3/2025,"Madhupur, Tangail",32° C,Sunny,iQOO Z9 Turbo 
Healthy (240),Healthy,10/3/2025,"Madhupur, Tangail",32° C,Sunny,iQOO Z9 Turbo 
Healthy (241),Healthy,10/3/2025,"Madhupur, Tangail",32° C,Sunny,iQOO Z9 Turbo 
Healthy (242),Healthy,10/3/2025,"Madhupur, Tangail",32° C,Sunny,iQOO Z9 Turbo 
Healthy (243),Healthy,10/3/2025,"Madhupur, Tangail",32° C,Sunny,iQOO Z9 Turbo 
Healthy (244),Healthy,10/3/2025,"Madhupur, Tangail",32° C,Sunny,iQOO Z9 Turbo 
Healthy (245),Healthy,10/3/2025,"Madhupur, Tangail",32° C,Sunny,iQOO Z9 Turbo 
Healthy (246),Healthy,10/3/2025,"Madhupur, Tangail",32° C,Sunny,iQOO Z9 Turbo 
Healthy (247),Healthy,10/3/2025,"Madhupur, Tangail",32° C,Sunny,iQOO Z9 Turbo 
Healthy (248),Healthy,10/3/2025,"Madhupur, Tangail",32° C,Sunny,iQOO Z9 Turbo 
Healthy (249),Healthy,10/3/2025,"Madhupur, Tangail",32° C,Sunny,iQOO Z9 Turbo 
Healthy (250),Healthy,10/3/2025,"Madhupur, Tangail",32° C,Sunny,iQOO Z9 Turbo 
Healthy (251),Healthy,10/3/2025,"Madhupur, Tangail",32° C,Sunny,iQOO Z9 Turbo 
Healthy (252),Healthy,10/3/2025,"Madhupur, Tangail",32° C,Sunny,iQOO Z9 Turbo 
Healthy (253),Healthy,10/3/2025,"Madhupur, Tangail",32° C,Sunny,iQOO Z9 Turbo 
Healthy (254),Healthy,10/3/2025,"Madhupur, Tangail",32° C,Sunny,iQOO Z9 Turbo 
Healthy (255),Healthy,10/3/2025,"Madhupur, Tangail",32° C,Sunny,iQOO Z9 Turbo 
Healthy (256),Healthy,10/3/2025,"Madhupur, Tangail",32° C,Sunny,iQOO Z9 Turbo 
Healthy (257),Healthy,10/3/2025,"Madhupur, Tangail",32° C,Sunny,iQOO Z9 Turbo 
Healthy (258),Healthy,10/3/2025,"Madhupur, Tangail",32° C,Sunny,iQOO Z9 Turbo 
Healthy (259),Healthy,10/3/2025,"Madhupur, Tangail",32° C,Sunny,iQOO Z9 Turbo 
Healthy (260),Healthy,10/3/2025,"Madhupur, Tangail",32° C,Sunny,iQOO Z9 Turbo 
Healthy (261),Healthy,10/3/2025,"Madhupur, Tangail",32° C,Sunny,iQOO Z9 Turbo 
Healthy (262),Healthy,10/3/2025,"Madhupur, Tangail",32° C,Sunny,iQOO Z9 Turbo 
Healthy (263),Healthy,10/3/2025,"Madhupur, Tangail",32° C,Sunny,iQOO Z9 Turbo 
Healthy (264),Healthy,10/3/2025,"Madhupur, Tangail",32° C,Sunny,iQOO Z9 Turbo 
Healthy (265),Healthy,10/3/2025,"Madhupur, Tangail",32° C,Sunny,iQOO Z9 Turbo 
Healthy (266),Healthy,10/3/2025,"Madhupur, Tangail",32° C,Sunny,iQOO Z9 Turbo 
Healthy (267),Healthy,10/3/2025,"Madhupur, Tangail",32° C,Sunny,iQOO Z9 Turbo 
Healthy (268),Healthy,10/3/2025,"Madhupur, Tangail",32° C,Sunny,iQOO Z9 Turbo 
Healthy (269),Healthy,10/3/2025,"Madhupur, Tangail",32° C,Sunny,iQOO Z9 Turbo 
Healthy (270),Healthy,10/3/2025,"Madhupur, Tangail",32° C,Sunny,iQOO Z9 Turbo 
Healthy (271),Healthy,10/3/2025,"Madhupur, Tangail",32° C,Sunny,iQOO Z9 Turbo 
Healthy (272),Healthy,10/3/2025,"Madhupur, Tangail",32° C,Sunny,iQOO Z9 Turbo 
Healthy (273),Healthy,10/3/2025,"Madhupur, Tangail",32° C,Sunny,iQOO Z9 Turbo 
Healthy (274),Healthy,10/3/2025,"Madhupur, Tangail",32° C,Sunny,iQOO Z9 Turbo 
Healthy (275),Healthy,10/3/2025,"Madhupur, Tangail",32° C,Sunny,iQOO Z9 Turbo 
Healthy (276),Healthy,10/3/2025,"Madhupur, Tangail",32° C,Sunny,iQOO Z9 Turbo 
Healthy (277),Healthy,10/3/2025,"Madhupur, Tangail",32° C,Sunny,iQOO Z9 Turbo 
Healthy (278),Healthy,10/3/2025,"Madhupur, Tangail",32° C,Sunny,iQOO Z9 Turbo 
Healthy (279),Healthy,10/3/2025,"Madhupur, Tangail",32° C,Sunny,iQOO Z9 Turbo 
Healthy (280),Healthy,10/3/2025,"Madhupur, Tangail",32° C,Sunny,iQOO Z9 Turbo 
Healthy (281),Healthy,10/3/2025,"Madhupur, Tangail",32° C,Sunny,iQOO Z9 Turbo 
Healthy (282),Healthy,10/3/2025,"Madhupur, Tangail",32° C,Sunny,iQOO Z9 Turbo 
Healthy (283),Healthy,10/3/2025,"Madhupur, Tangail",32° C,Sunny,iQOO Z9 Turbo 
Healthy (284),Healthy,10/3/2025,"Madhupur, Tangail",32° C,Sunny,iQOO Z9 Turbo 
Healthy (285),Healthy,10/3/2025,"Madhupur, Tangail",32° C,Sunny,iQOO Z9 Turbo 
Healthy (286),Healthy,10/3/2025,"Madhupur, Tangail",32° C,Sunny,iQOO Z9 Turbo 
Healthy (287),Healthy,10/3/2025,"Madhupur, Tangail",32° C,Sunny,iQOO Z9 Turbo 
Healthy (288),Healthy,10/3/2025,"Madhupur, Tangail",32° C,Sunny,iQOO Z9 Turbo 
Healthy (289),Healthy,10/3/2025,"Madhupur, Tangail",32° C,Sunny,iQOO Z9 Turbo 
Healthy (290),Healthy,10/3/2025,"Madhupur, Tangail",32° C,Sunny,iQOO Z9 Turbo 
Healthy (291),Healthy,10/3/2025,"Madhupur, Tangail",32° C,Sunny,iQOO Z9 Turbo 
Healthy (292),Healthy,10/3/2025,"Madhupur, Tangail",32° C,Sunny,iQOO Z9 Turbo 
Healthy (293),Healthy,10/3/2025,"Madhupur, Tangail",32° C,Sunny,iQOO Z9 Turbo 
Healthy (294),Healthy,10/3/2025,"Madhupur, Tangail",32° C,Sunny,iQOO Z9 Turbo 
Healthy (295),Healthy,10/3/2025,"Madhupur, Tangail",32° C,Sunny,iQOO Z9 Turbo 
Healthy (296),Healthy,10/3/2025,"Madhupur, Tangail",32° C,Sunny,iQOO Z9 Turbo 
Healthy (297),Healthy,10/3/2025,"Madhupur, Tangail",32° C,Sunny,iQOO Z9 Turbo 
Healthy (298),Healthy,10/3/2025,"Madhupur, Tangail",32° C,Sunny,iQOO Z9 Turbo 
Healthy (299),Healthy,10/3/2025,"Madhupur, Tangail",32° C,Sunny,iQOO Z9 Turbo 
Healthy (300),Healthy,10/3/2025,"Madhupur, Tangail",32° C,Sunny,iQOO Z9 Turbo 
Healthy (301),Healthy,10/3/2025,"Madhupur, Tangail",32° C,Sunny,iQOO Z9 Turbo 
Healthy (302),Healthy,10/3/2025,"Madhupur, Tangail",32° C,Sunny,iQOO Z9 Turbo 
Healthy (303),Healthy,10/3/2025,"Madhupur, Tangail",32° C,Sunny,iQOO Z9 Turbo 
Healthy (304),Healthy,10/3/2025,"Madhupur, Tangail",32° C,Sunny,iQOO Z9 Turbo 
Healthy (305),Healthy,10/3/2025,"Madhupur, Tangail",32° C,Sunny,iQOO Z9 Turbo 
Healthy (306),Healthy,10/3/2025,"Madhupur, Tangail",32° C,Sunny,iQOO Z9 Turbo 
Healthy (307),Healthy,10/3/2025,"Madhupur, Tangail",32° C,Sunny,iQOO Z9 Turbo 
Healthy (308),Healthy,10/3/2025,"Madhupur, Tangail",32° C,Sunny,iQOO Z9 Turbo 
Healthy (309),Healthy,10/3/2025,"Madhupur, Tangail",32° C,Sunny,iQOO Z9 Turbo 
Healthy (310),Healthy,10/3/2025,"Madhupur, Tangail",32° C,Sunny,iQOO Z9 Turbo 
Healthy (311),Healthy,10/3/2025,"Madhupur, Tangail",32° C,Sunny,iQOO Z9 Turbo 
Healthy (312),Healthy,10/3/2025,"Madhupur, Tangail",32° C,Sunny,iQOO Z9 Turbo 
Healthy (313),Healthy,10/3/2025,"Madhupur, Tangail",32° C,Sunny,iQOO Z9 Turbo 
Healthy (314),Healthy,10/3/2025,"Madhupur, Tangail",32° C,Sunny,iQOO Z9 Turbo 
Healthy (315),Healthy,10/3/2025,"Madhupur, Tangail",32° C,Sunny,iQOO Z9 Turbo 
Healthy (316),Healthy,10/3/2025,"Madhupur, Tangail",32° C,Sunny,iQOO Z9 Turbo 
Healthy (317),Healthy,10/3/2025,"Madhupur, Tangail",32° C,Sunny,iQOO Z9 Turbo 
Healthy (318),Healthy,10/3/2025,"Madhupur, Tangail",32° C,Sunny,iQOO Z9 Turbo 
Healthy (319),Healthy,10/3/2025,"Madhupur, Tangail",32° C,Sunny,iQOO Z9 Turbo 
Healthy (320),Healthy,10/3/2025,"Madhupur, Tangail",32° C,Sunny,iQOO Z9 Turbo 
Healthy (321),Healthy,10/3/2025,"Madhupur, Tangail",32° C,Sunny,iQOO Z9 Turbo 
Healthy (322),Healthy,10/3/2025,"Madhupur, Tangail",32° C,Sunny,iQOO Z9 Turbo 
Healthy (323),Healthy,10/3/2025,"Madhupur, Tangail",32° C,Sunny,iQOO Z9 Turbo 
Healthy (324),Healthy,10/3/2025,"Madhupur, Tangail",32° C,Sunny,iQOO Z9 Turbo 
Healthy (325),Healthy,10/3/2025,"Madhupur, Tangail",32° C,Sunny,iQOO Z9 Turbo 
Healthy (326),Healthy,10/3/2025,"Madhupur, Tangail",32° C,Sunny,iQOO Z9 Turbo 
Healthy (327),Healthy,10/3/2025,"Madhupur, Tangail",32° C,Sunny,iQOO Z9 Turbo 
Healthy (328),Healthy,10/3/2025,"Madhupur, Tangail",32° C,Sunny,iQOO Z9 Turbo 
Healthy (329),Healthy,10/3/2025,"Madhupur, Tangail",32° C,Sunny,iQOO Z9 Turbo 
Healthy (330),Healthy,10/3/2025,"Madhupur, Tangail",32° C,Sunny,iQOO Z9 Turbo 
Healthy (331),Healthy,10/3/2025,"Madhupur, Tangail",32° C,Sunny,iQOO Z9 Turbo 
Healthy (332),Healthy,10/3/2025,"Madhupur, Tangail",32° C,Sunny,iQOO Z9 Turbo 
Healthy (333),Healthy,10/3/2025,"Madhupur, Tangail",32° C,Sunny,iQOO Z9 Turbo 
Healthy (334),Healthy,10/3/2025,"Madhupur, Tangail",32° C,Sunny,iQOO Z9 Turbo 
Healthy (335),Healthy,10/3/2025,"Madhupur, Tangail",32° C,Sunny,iQOO Z9 Turbo 
Healthy (336),Healthy,10/3/2025,"Madhupur, Tangail",32° C,Sunny,iQOO Z9 Turbo 
Healthy (337),Healthy,10/3/2025,"Madhupur, Tangail",32° C,Sunny,iQOO Z9 Turbo 
Healthy (338),Healthy,10/3/2025,"Madhupur, Tangail",32° C,Sunny,iQOO Z9 Turbo 
Healthy (339),Healthy,10/3/2025,"Madhupur, Tangail",32° C,Sunny,iQOO Z9 Turbo 
Healthy (340),Healthy,10/3/2025,"Madhupur, Tangail",32° C,Sunny,iQOO Z9 Turbo 
Healthy (341),Healthy,10/3/2025,"Madhupur, Tangail",32° C,Sunny,iQOO Z9 Turbo 
Healthy (342),Healthy,10/3/2025,"Madhupur, Tangail",32° C,Sunny,iQOO Z9 Turbo 
Healthy (343),Healthy,10/3/2025,"Madhupur, Tangail",32° C,Sunny,iQOO Z9 Turbo 
Healthy (344),Healthy,10/3/2025,"Madhupur, Tangail",32° C,Sunny,iQOO Z9 Turbo 
Healthy (345),Healthy,10/3/2025,"Madhupur, Tangail",32° C,Sunny,iQOO Z9 Turbo 
Healthy (346),Healthy,10/3/2025,"Madhupur, Tangail",32° C,Sunny,iQOO Z9 Turbo 
Healthy (347),Healthy,10/3/2025,"Madhupur, Tangail",32° C,Sunny,iQOO Z9 Turbo 
Healthy (348),Healthy,10/3/2025,"Madhupur, Tangail",32° C,Sunny,iQOO Z9 Turbo 
Healthy (349),Healthy,10/3/2025,"Madhupur, Tangail",32° C,Sunny,iQOO Z9 Turbo 
Healthy (350),Healthy,10/3/2025,"Madhupur, Tangail",32° C,Sunny,iQOO Z9 Turbo 
Healthy (351),Healthy,10/3/2025,"Madhupur, Tangail",32° C,Sunny,iQOO Z9 Turbo 
Healthy (352),Healthy,10/3/2025,"Madhupur, Tangail",32° C,Sunny,iQOO Z9 Turbo 
Healthy (353),Healthy,10/3/2025,"Madhupur, Tangail",32° C,Sunny,iQOO Z9 Turbo 
Healthy (354),Healthy,10/3/2025,"Madhupur, Tangail",32° C,Sunny,iQOO Z9 Turbo 
Healthy (355),Healthy,10/3/2025,"Madhupur, Tangail",32° C,Sunny,iQOO Z9 Turbo 
Healthy (356),Healthy,10/3/2025,"Madhupur, Tangail",32° C,Sunny,iQOO Z9 Turbo 
Healthy (357),Healthy,10/3/2025,"Madhupur, Tangail",32° C,Sunny,iQOO Z9 Turbo 
Healthy (358),Healthy,10/3/2025,"Madhupur, Tangail",32° C,Sunny,iQOO Z9 Turbo 
Healthy (359),Healthy,10/3/2025,"Madhupur, Tangail",32° C,Sunny,iQOO Z9 Turbo 
Healthy (360),Healthy,30/8/2025,"Madhupur, Tangail",32° C,Sunny,OnePlus 8T
Healthy (361),Healthy,30/8/2025,"Madhupur, Tangail",32° C,Sunny,OnePlus 8T
Healthy (362),Healthy,30/8/2025,"Madhupur, Tangail",32° C,Sunny,OnePlus 8T
Healthy (363),Healthy,30/8/2025,"Madhupur, Tangail",32° C,Sunny,OnePlus 8T
Healthy (364),Healthy,30/8/2025,"Madhupur, Tangail",32° C,Sunny,OnePlus 8T
Healthy (365),Healthy,30/8/2025,"Madhupur, Tangail",32° C,Sunny,OnePlus 8T
Healthy (366),Healthy,30/8/2025,"Madhupur, Tangail",32° C,Sunny,OnePlus 8T
Healthy (367),Healthy,30/8/2025,"Madhupur, Tangail",32° C,Sunny,OnePlus 8T
Healthy (368),Healthy,30/8/2025,"Madhupur, Tangail",32° C,Sunny,OnePlus 8T
Healthy (369),Healthy,30/8/2025,"Madhupur, Tangail",32° C,Sunny,OnePlus 8T
Healthy (370),Healthy,30/8/2025,"Madhupur, Tangail",32° C,Sunny,OnePlus 8T
Healthy (371),Healthy,30/8/2025,"Madhupur, Tangail",32° C,Sunny,OnePlus 8T
Healthy (372),Healthy,30/8/2025,"Madhupur, Tangail",32° C,Sunny,OnePlus 8T
Healthy (373),Healthy,30/8/2025,"Madhupur, Tangail",32° C,Sunny,OnePlus 8T
Healthy (374),Healthy,30/8/2025,"Madhupur, Tangail",32° C,Sunny,OnePlus 8T
Healthy (375),Healthy,30/8/2025,"Madhupur, Tangail",32° C,Sunny,OnePlus 8T
Healthy (376),Healthy,30/8/2025,"Madhupur, Tangail",32° C,Sunny,OnePlus 8T
Healthy (377),Healthy,30/8/2025,"Madhupur, Tangail",32° C,Sunny,OnePlus 8T
Healthy (378),Healthy,30/8/2025,"Madhupur, Tangail",32° C,Sunny,OnePlus 8T
Healthy (379),Healthy,30/8/2025,"Madhupur, Tangail",32° C,Sunny,OnePlus 8T
Healthy (380),Healthy,30/8/2025,"Madhupur, Tangail",32° C,Sunny,OnePlus 8T
Healthy (381),Healthy,30/8/2025,"Madhupur, Tangail",32° C,Sunny,OnePlus 8T
Healthy (382),Healthy,30/8/2025,"Madhupur, Tangail",32° C,Sunny,OnePlus 8T
Healthy (383),Healthy,30/8/2025,"Madhupur, Tangail",32° C,Sunny,OnePlus 8T
Healthy (384),Healthy,30/8/2025,"Madhupur, Tangail",32° C,Sunny,OnePlus 8T
Healthy (385),Healthy,30/8/2025,"Madhupur, Tangail",32° C,Sunny,OnePlus 8T
Healthy (386),Healthy,30/8/2025,"Madhupur, Tangail",32° C,Sunny,OnePlus 8T
Healthy (387),Healthy,30/8/2025,"Madhupur, Tangail",32° C,Sunny,OnePlus 8T
Healthy (388),Healthy,30/8/2025,"Madhupur, Tangail",32° C,Sunny,OnePlus 8T
Healthy (389),Healthy,30/8/2025,"Madhupur, Tangail",32° C,Sunny,OnePlus 8T
Healthy (390),Healthy,30/8/2025,"Madhupur, Tangail",32° C,Sunny,OnePlus 8T
Healthy (391),Healthy,30/8/2025,"Madhupur, Tangail",32° C,Sunny,OnePlus 8T
Healthy (392),Healthy,30/8/2025,"Madhupur, Tangail",32° C,Sunny,OnePlus 8T
Healthy (393),Healthy,30/8/2025,"Madhupur, Tangail",32° C,Sunny,OnePlus 8T
Healthy (394),Healthy,30/8/2025,"Madhupur, Tangail",32° C,Sunny,OnePlus 8T
Healthy (395),Healthy,30/8/2025,"Madhupur, Tangail",32° C,Sunny,OnePlus 8T
Healthy (396),Healthy,30/8/2025,"Madhupur, Tangail",32° C,Sunny,OnePlus 8T
Healthy (397),Healthy,30/8/2025,"Madhupur, Tangail",32° C,Sunny,OnePlus 8T
Healthy (398),Healthy,30/8/2025,"Madhupur, Tangail",32° C,Sunny,OnePlus 8T
Healthy (399),Healthy,30/8/2025,"Madhupur, Tangail",32° C,Sunny,OnePlus 8T
Healthy (400),Healthy,30/8/2025,"Madhupur, Tangail",32° C,Sunny,OnePlus 8T
Healthy (401),Healthy,30/8/2025,"Madhupur, Tangail",32° C,Sunny,OnePlus 8T
Healthy (402),Healthy,30/8/2025,"Madhupur, Tangail",32° C,Sunny,OnePlus 8T
Healthy (403),Healthy,30/8/2025,"Madhupur, Tangail",32° C,Sunny,OnePlus 8T
Healthy (404),Healthy,30/8/2025,"Madhupur, Tangail",32° C,Sunny,OnePlus 8T
Healthy (405),Healthy,30/8/2025,"Madhupur, Tangail",32° C,Sunny,OnePlus 8T
Healthy (406),Healthy,30/8/2025,"Madhupur, Tangail",32° C,Sunny,OnePlus 8T
Healthy (407),Healthy,30/8/2025,"Madhupur, Tangail",32° C,Sunny,OnePlus 8T
Healthy (408),Healthy,30/8/2025,"Madhupur, Tangail",32° C,Sunny,OnePlus 8T
Healthy (409),Healthy,30/8/2025,"Madhupur, Tangail",32° C,Sunny,OnePlus 8T
Healthy (410),Healthy,30/8/2025,"Madhupur, Tangail",32° C,Sunny,OnePlus 8T
Healthy (411),Healthy,30/8/2025,"Madhupur, Tangail",32° C,Sunny,OnePlus 8T
Healthy (412),Healthy,30/8/2025,"Madhupur, Tangail",32° C,Sunny,OnePlus 8T
Healthy (413),Healthy,30/8/2025,"Madhupur, Tangail",32° C,Sunny,OnePlus 8T
Healthy (414),Healthy,30/8/2025,"Madhupur, Tangail",32° C,Sunny,OnePlus 8T
Healthy (415),Healthy,30/8/2025,"Madhupur, Tangail",32° C,Sunny,OnePlus 8T
Healthy (416),Healthy,30/8/2025,"Madhupur, Tangail",32° C,Sunny,OnePlus 8T
Healthy (417),Healthy,30/8/2025,"Madhupur, Tangail",32° C,Sunny,OnePlus 8T
Healthy (418),Healthy,30/8/2025,"Madhupur, Tangail",32° C,Sunny,OnePlus 8T
Healthy (419),Healthy,30/8/2025,"Madhupur, Tangail",32° C,Sunny,OnePlus 8T
Healthy (420),Healthy,30/8/2025,"Madhupur, Tangail",32° C,Sunny,OnePlus 8T
Healthy (421),Healthy,30/8/2025,"Madhupur, Tangail",32° C,Sunny,OnePlus 8T
Healthy (422),Healthy,30/8/2025,"Madhupur, Tangail",32° C,Sunny,OnePlus 8T
Healthy (423),Healthy,30/8/2025,"Madhupur, Tangail",32° C,Sunny,OnePlus 8T
Healthy (424),Healthy,30/8/2025,"Madhupur, Tangail",32° C,Sunny,OnePlus 8T
Healthy (425),Healthy,30/8/2025,"Madhupur, Tangail",32° C,Sunny,OnePlus 8T
Healthy (426),Healthy,30/8/2025,"Madhupur, Tangail",32° C,Sunny,OnePlus 8T
Healthy (427),Healthy,30/8/2025,"Madhupur, Tangail",32° C,Sunny,OnePlus 8T
Healthy (428),Healthy,30/8/2025,"Madhupur, Tangail",32° C,Sunny,OnePlus 8T
Healthy (429),Healthy,30/8/2025,"Madhupur, Tangail",32° C,Sunny,OnePlus 8T
Healthy (430),Healthy,30/8/2025,"Madhupur, Tangail",32° C,Sunny,OnePlus 8T
Healthy (431),Healthy,30/8/2025,"Madhupur, Tangail",32° C,Sunny,OnePlus 8T
Healthy (432),Healthy,30/8/2025,"Madhupur, Tangail",32° C,Sunny,OnePlus 8T
Healthy (433),Healthy,30/8/2025,"Madhupur, Tangail",32° C,Sunny,OnePlus 8T
Healthy (434),Healthy,30/8/2025,"Madhupur, Tangail",32° C,Sunny,OnePlus 8T
Healthy (435),Healthy,30/8/2025,"Madhupur, Tangail",32° C,Sunny,OnePlus 8T
Healthy (436),Healthy,30/8/2025,"Madhupur, Tangail",32° C,Sunny,OnePlus 8T
Healthy (437),Healthy,30/8/2025,"Madhupur, Tangail",32° C,Sunny,OnePlus 8T
Healthy (438),Healthy,30/8/2025,"Madhupur, Tangail",32° C,Sunny,OnePlus 8T
Healthy (439),Healthy,30/8/2025,"Madhupur, Tangail",32° C,Sunny,OnePlus 8T
Healthy (440),Healthy,30/8/2025,"Madhupur, Tangail",32° C,Sunny,OnePlus 8T
Healthy (441),Healthy,30/8/2025,"Madhupur, Tangail",32° C,Sunny,OnePlus 8T
Healthy (442),Healthy,30/8/2025,"Madhupur, Tangail",32° C,Sunny,OnePlus 8T
Healthy (443),Healthy,30/8/2025,"Madhupur, Tangail",32° C,Sunny,OnePlus 8T
Healthy (444),Healthy,30/8/2025,"Madhupur, Tangail",32° C,Sunny,OnePlus 8T
Healthy (445),Healthy,30/8/2025,"Madhupur, Tangail",32° C,Sunny,OnePlus 8T
Healthy (446),Healthy,30/8/2025,"Madhupur, Tangail",32° C,Sunny,OnePlus 8T
Healthy (447),Healthy,30/8/2025,"Madhupur, Tangail",32° C,Sunny,OnePlus 8T
Healthy (448),Healthy,30/8/2025,"Madhupur, Tangail",32° C,Sunny,OnePlus 8T
Healthy (449),Healthy,30/8/2025,"Madhupur, Tangail",32° C,Sunny,OnePlus 8T
Healthy (450),Healthy,30/8/2025,"Madhupur, Tangail",32° C,Sunny,OnePlus 8T
Healthy (451),Healthy,30/8/2025,"Madhupur, Tangail",32° C,Sunny,OnePlus 8T
Healthy (452),Healthy,30/8/2025,"Madhupur, Tangail",32° C,Sunny,OnePlus 8T
Healthy (453),Healthy,30/8/2025,"Madhupur, Tangail",32° C,Sunny,OnePlus 8T
Healthy (454),Healthy,30/8/2025,"Madhupur, Tangail",32° C,Sunny,OnePlus 8T
Healthy (455),Healthy,30/8/2025,"Madhupur, Tangail",32° C,Sunny,OnePlus 8T
Healthy (456),Healthy,30/8/2025,"Madhupur, Tangail",32° C,Sunny,OnePlus 8T
Healthy (457),Healthy,30/8/2025,"Madhupur, Tangail",32° C,Sunny,OnePlus 8T
Healthy (458),Healthy,30/8/2025,"Madhupur, Tangail",32° C,Sunny,OnePlus 8T
Healthy (459),Healthy,30/8/2025,"Madhupur, Tangail",32° C,Sunny,OnePlus 8T
Healthy (460),Healthy,30/8/2025,"Madhupur, Tangail",32° C,Sunny,OnePlus 8T
Healthy (461),Healthy,30/8/2025,"Madhupur, Tangail",32° C,Sunny,OnePlus 8T
Healthy (462),Healthy,30/8/2025,"Madhupur, Tangail",32° C,Sunny,OnePlus 8T
Healthy (463),Healthy,30/8/2025,"Madhupur, Tangail",32° C,Sunny,OnePlus 8T
Healthy (464),Healthy,30/8/2025,"Madhupur, Tangail",32° C,Sunny,OnePlus 8T
Healthy (465),Healthy,30/8/2025,"Birulia, Savar",28 °C,Cloudy,OnePlus 8T
Healthy (466),Healthy,30/8/2025,"Birulia, Savar",28 °C,Cloudy,OnePlus 8T
Healthy (467),Healthy,30/8/2025,"Birulia, Savar",28 °C,Cloudy,OnePlus 8T
Healthy (468),Healthy,30/8/2025,"Birulia, Savar",28 °C,Cloudy,OnePlus 8T
Healthy (469),Healthy,30/8/2025,"Birulia, Savar",28 °C,Cloudy,OnePlus 8T
Healthy (470),Healthy,30/8/2025,"Birulia, Savar",28 °C,Cloudy,OnePlus 8T
Healthy (471),Healthy,30/8/2025,"Birulia, Savar",28 °C,Cloudy,OnePlus 8T
Healthy (472),Healthy,30/8/2025,"Birulia, Savar",28 °C,Cloudy,OnePlus 8T
Healthy (473),Healthy,30/8/2025,"Birulia, Savar",28 °C,Cloudy,OnePlus 8T
Healthy (474),Healthy,30/8/2025,"Birulia, Savar",28 °C,Cloudy,OnePlus 8T
Healthy (475),Healthy,30/8/2025,"Birulia, Savar",28 °C,Cloudy,OnePlus 8T
Healthy (476),Healthy,30/8/2025,"Birulia, Savar",28 °C,Cloudy,OnePlus 8T
Healthy (477),Healthy,30/8/2025,"Birulia, Savar",28 °C,Cloudy,OnePlus 8T
Healthy (478),Healthy,30/8/2025,"Birulia, Savar",28 °C,Cloudy,OnePlus 8T
Healthy (479),Healthy,30/8/2025,"Birulia, Savar",28 °C,Cloudy,OnePlus 8T
Healthy (480),Healthy,30/8/2025,"Birulia, Savar",28 °C,Cloudy,OnePlus 8T
Healthy (481),Healthy,30/8/2025,"Birulia, Savar",28 °C,Cloudy,OnePlus 8T
Healthy (482),Healthy,30/8/2025,"Birulia, Savar",28 °C,Cloudy,OnePlus 8T
Healthy (483),Healthy,30/8/2025,"Birulia, Savar",28 °C,Cloudy,OnePlus 8T
Healthy (484),Healthy,30/8/2025,"Birulia, Savar",28 °C,Cloudy,OnePlus 8T
Healthy (485),Healthy,30/8/2025,"Birulia, Savar",28 °C,Cloudy,OnePlus 8T
Healthy (486),Healthy,30/8/2025,"Birulia, Savar",28 °C,Cloudy,OnePlus 8T
Healthy (487),Healthy,30/8/2025,"Birulia, Savar",28 °C,Cloudy,OnePlus 8T
Healthy (488),Healthy,30/8/2025,"Birulia, Savar",28 °C,Cloudy,OnePlus 8T
Healthy (489),Healthy,30/8/2025,"Birulia, Savar",28 °C,Cloudy,OnePlus 8T
Healthy (490),Healthy,30/8/2025,"Birulia, Savar",28 °C,Cloudy,OnePlus 8T
Healthy (491),Healthy,30/8/2025,"Birulia, Savar",28 °C,Cloudy,OnePlus 8T
Healthy (492),Healthy,30/8/2025,"Birulia, Savar",28 °C,Cloudy,OnePlus 8T
Healthy (493),Healthy,30/8/2025,"Birulia, Savar",28 °C,Cloudy,OnePlus 8T
Healthy (494),Healthy,30/8/2025,"Birulia, Savar",28 °C,Cloudy,OnePlus 8T
Healthy (495),Healthy,30/8/2025,"Birulia, Savar",28 °C,Cloudy,OnePlus 8T
Healthy (496),Healthy,30/8/2025,"Birulia, Savar",28 °C,Cloudy,OnePlus 8T
Healthy (497),Healthy,30/8/2025,"Birulia, Savar",28 °C,Cloudy,OnePlus 8T
Healthy (498),Healthy,30/8/2025,"Birulia, Savar",28 °C,Cloudy,OnePlus 8T
Healthy (499),Healthy,30/8/2025,"Birulia, Savar",28 °C,Cloudy,OnePlus 8T
Healthy (500),Healthy,30/8/2025,"Birulia, Savar",28 °C,Cloudy,OnePlus 8T
Healthy (501),Healthy,30/8/2025,"Birulia, Savar",28 °C,Cloudy,OnePlus 8T
Healthy (502),Healthy,30/8/2025,"Birulia, Savar",28 °C,Cloudy,OnePlus 8T
Healthy (503),Healthy,30/8/2025,"Birulia, Savar",28 °C,Cloudy,OnePlus 8T
Healthy (504),Healthy,30/8/2025,"Birulia, Savar",28 °C,Cloudy,OnePlus 8T
Healthy (505),Healthy,30/8/2025,"Birulia, Savar",28 °C,Cloudy,OnePlus 8T
Healthy (506),Healthy,30/8/2025,"Birulia, Savar",28 °C,Cloudy,OnePlus 8T
Healthy (507),Healthy,30/8/2025,"Birulia, Savar",28 °C,Cloudy,OnePlus 8T
Healthy (508),Healthy,30/8/2025,"Birulia, Savar",28 °C,Cloudy,OnePlus 8T
Healthy (509),Healthy,30/8/2025,"Birulia, Savar",28 °C,Cloudy,OnePlus 8T
Healthy (510),Healthy,30/8/2025,"Birulia, Savar",28 °C,Cloudy,OnePlus 8T
Healthy (511),Healthy,30/8/2025,"Birulia, Savar",28 °C,Cloudy,OnePlus 8T
Healthy (512),Healthy,30/8/2025,"Birulia, Savar",28 °C,Cloudy,OnePlus 8T
Healthy (513),Healthy,30/8/2025,"Birulia, Savar",28 °C,Cloudy,OnePlus 8T
Healthy (514),Healthy,30/8/2025,"Birulia, Savar",28 °C,Cloudy,OnePlus 8T
Healthy (515),Healthy,30/8/2025,"Birulia, Savar",28 °C,Cloudy,OnePlus 8T
Healthy (516),Healthy,30/8/2025,"Birulia, Savar",28 °C,Cloudy,OnePlus 8T
Healthy (517),Healthy,30/8/2025,"Birulia, Savar",28 °C,Cloudy,OnePlus 8T
Healthy (518),Healthy,30/8/2025,"Birulia, Savar",28 °C,Cloudy,OnePlus 8T
Healthy (519),Healthy,30/8/2025,"Birulia, Savar",28 °C,Cloudy,OnePlus 8T
Healthy (520),Healthy,30/8/2025,"Birulia, Savar",28 °C,Cloudy,OnePlus 8T
Healthy (521),Healthy,30/8/2025,"Birulia, Savar",28 °C,Cloudy,OnePlus 8T
Healthy (522),Healthy,30/8/2025,"Birulia, Savar",28 °C,Cloudy,OnePlus 8T
Healthy (523),Healthy,30/8/2025,"Birulia, Savar",28 °C,Cloudy,OnePlus 8T
Healthy (524),Healthy,30/8/2025,"Birulia, Savar",28 °C,Cloudy,OnePlus 8T
Healthy (525),Healthy,30/8/2025,"Birulia, Savar",28 °C,Cloudy,OnePlus 8T
Healthy (526),Healthy,30/8/2025,"Birulia, Savar",28 °C,Cloudy,OnePlus 8T
Healthy (527),Healthy,30/8/2025,"Birulia, Savar",28 °C,Cloudy,OnePlus 8T
Healthy (528),Healthy,30/8/2025,"Birulia, Savar",28 °C,Cloudy,OnePlus 8T
Healthy (529),Healthy,30/8/2025,"Birulia, Savar",28 °C,Cloudy,OnePlus 8T
Healthy (530),Healthy,30/8/2025,"Birulia, Savar",28 °C,Cloudy,OnePlus 8T
Healthy (531),Healthy,30/8/2025,"Birulia, Savar",28 °C,Cloudy,OnePlus 8T
Healthy (532),Healthy,30/8/2025,"Birulia, Savar",28 °C,Cloudy,OnePlus 8T
Healthy (533),Healthy,30/8/2025,"Birulia, Savar",28 °C,Cloudy,OnePlus 8T
Healthy (534),Healthy,30/8/2025,"Birulia, Savar",28 °C,Cloudy,OnePlus 8T
Healthy (535),Healthy,30/8/2025,"Birulia, Savar",28 °C,Cloudy,OnePlus 8T
Healthy (536),Healthy,30/8/2025,"Birulia, Savar",28 °C,Cloudy,OnePlus 8T
Healthy (537),Healthy,30/8/2025,"Birulia, Savar",28 °C,Cloudy,OnePlus 8T
Healthy (538),Healthy,30/8/2025,"Birulia, Savar",28 °C,Cloudy,OnePlus 8T
Healthy (539),Healthy,30/8/2025,"Birulia, Savar",28 °C,Cloudy,OnePlus 8T
Healthy (540),Healthy,30/8/2025,"Birulia, Savar",28 °C,Cloudy,OnePlus 8T
Healthy (541),Healthy,30/8/2025,"Birulia, Savar",28 °C,Cloudy,OnePlus 8T
Healthy (542),Healthy,30/8/2025,"Birulia, Savar",28 °C,Cloudy,OnePlus 8T
Healthy (543),Healthy,30/8/2025,"Birulia, Savar",28 °C,Cloudy,OnePlus 8T
Healthy (544),Healthy,30/8/2025,"Birulia, Savar",28 °C,Cloudy,OnePlus 8T
Healthy (545),Healthy,30/8/2025,"Birulia, Savar",28 °C,Cloudy,OnePlus 8T
Healthy (546),Healthy,30/8/2025,"Birulia, Savar",28 °C,Cloudy,OnePlus 8T
Healthy (547),Healthy,30/8/2025,"Birulia, Savar",28 °C,Cloudy,OnePlus 8T
Healthy (548),Healthy,30/8/2025,"Birulia, Savar",28 °C,Cloudy,OnePlus 8T
Healthy (549),Healthy,30/8/2025,"Birulia, Savar",28 °C,Cloudy,OnePlus 8T
Healthy (550),Healthy,30/8/2025,"Birulia, Savar",28 °C,Cloudy,OnePlus 8T
Healthy (551),Healthy,30/8/2025,"Birulia, Savar",28 °C,Cloudy,OnePlus 8T
Healthy (552),Healthy,30/8/2025,"Birulia, Savar",28 °C,Cloudy,OnePlus 8T
Healthy (553),Healthy,30/8/2025,"Birulia, Savar",28 °C,Cloudy,OnePlus 8T
Healthy (554),Healthy,30/8/2025,"Birulia, Savar",28 °C,Cloudy,OnePlus 8T
Healthy (555),Healthy,30/8/2025,"Birulia, Savar",28 °C,Cloudy,OnePlus 8T
Healthy (556),Healthy,30/8/2025,"Birulia, Savar",28 °C,Cloudy,OnePlus 8T
Healthy (557),Healthy,30/8/2025,"Birulia, Savar",28 °C,Cloudy,OnePlus 8T
Healthy (558),Healthy,30/8/2025,"Birulia, Savar",28 °C,Cloudy,OnePlus 8T
Healthy (559),Healthy,30/8/2025,"Birulia, Savar",28 °C,Cloudy,OnePlus 8T
Healthy (560),Healthy,30/8/2025,"Birulia, Savar",28 °C,Cloudy,OnePlus 8T
Healthy (561),Healthy,30/8/2025,"Birulia, Savar",28 °C,Cloudy,OnePlus 8T
Healthy (562),Healthy,30/8/2025,"Birulia, Savar",28 °C,Cloudy,OnePlus 8T
Healthy (563),Healthy,30/8/2025,"Birulia, Savar",28 °C,Cloudy,OnePlus 8T
Healthy (564),Healthy,30/8/2025,"Birulia, Savar",28 °C,Cloudy,OnePlus 8T
Healthy (565),Healthy,30/8/2025,"Birulia, Savar",28 °C,Cloudy,OnePlus 8T
Healthy (566),Healthy,30/8/2025,"Birulia, Savar",28 °C,Cloudy,OnePlus 8T
Healthy (567),Healthy,30/8/2025,"Birulia, Savar",28 °C,Cloudy,OnePlus 8T
Healthy (568),Healthy,30/8/2025,"Birulia, Savar",28 °C,Cloudy,OnePlus 8T
Healthy (569),Healthy,30/8/2025,"Birulia, Savar",28 °C,Cloudy,OnePlus 8T
Healthy (570),Healthy,30/8/2025,"Birulia, Savar",28 °C,Cloudy,OnePlus 8T
Healthy (571),Healthy,30/8/2025,"Birulia, Savar",28 °C,Cloudy,OnePlus 8T
Healthy (572),Healthy,30/8/2025,"Birulia, Savar",28 °C,Cloudy,OnePlus 8T
Healthy (573),Healthy,30/8/2025,"Birulia, Savar",28 °C,Cloudy,OnePlus 8T
Healthy (574),Healthy,30/8/2025,"Birulia, Savar",28 °C,Cloudy,OnePlus 8T
Healthy (575),Healthy,30/8/2025,"Birulia, Savar",28 °C,Cloudy,OnePlus 8T
Healthy (576),Healthy,30/8/2025,"Birulia, Savar",28 °C,Cloudy,OnePlus 8T
Healthy (577),Healthy,30/8/2025,"Birulia, Savar",28 °C,Cloudy,OnePlus 8T
Healthy (578),Healthy,30/8/2025,"Birulia, Savar",28 °C,Cloudy,OnePlus 8T
Healthy (579),Healthy,30/8/2025,"Birulia, Savar",28 °C,Cloudy,OnePlus 8T
Healthy (580),Healthy,30/8/2025,"Birulia, Savar",28 °C,Cloudy,OnePlus 8T
Healthy (581),Healthy,30/8/2025,"Birulia, Savar",28 °C,Cloudy,OnePlus 8T
Healthy (582),Healthy,30/8/2025,"Birulia, Savar",28 °C,Cloudy,OnePlus 8T
Healthy (583),Healthy,30/8/2025,"Birulia, Savar",28 °C,Cloudy,OnePlus 8T
Healthy (584),Healthy,30/8/2025,"Birulia, Savar",28 °C,Cloudy,OnePlus 8T
Healthy (585),Healthy,30/8/2025,"Birulia, Savar",28 °C,Cloudy,OnePlus 8T
Healthy (586),Healthy,30/8/2025,"Birulia, Savar",28 °C,Cloudy,OnePlus 8T
Healthy (587),Healthy,30/8/2025,"Birulia, Savar",28 °C,Cloudy,OnePlus 8T
Healthy (588),Healthy,30/8/2025,"Birulia, Savar",28 °C,Cloudy,OnePlus 8T
Healthy (589),Healthy,30/8/2025,"Birulia, Savar",28 °C,Cloudy,OnePlus 8T
Healthy (590),Healthy,30/8/2025,"Birulia, Savar",28 °C,Cloudy,OnePlus 8T
Healthy (591),Healthy,30/8/2025,"Birulia, Savar",28 °C,Cloudy,OnePlus 8T
Healthy (592),Healthy,30/8/2025,"Birulia, Savar",28 °C,Cloudy,OnePlus 8T
Healthy (593),Healthy,30/8/2025,"Birulia, Savar",28 °C,Cloudy,OnePlus 8T
Healthy (594),Healthy,30/8/2025,"Birulia, Savar",28 °C,Cloudy,OnePlus 8T
Healthy (595),Healthy,30/8/2025,"Birulia, Savar",28 °C,Cloudy,OnePlus 8T
Healthy (596),Healthy,30/8/2025,"Birulia, Savar",28 °C,Cloudy,OnePlus 8T
Healthy (597),Healthy,30/8/2025,"Birulia, Savar",28 °C,Cloudy,OnePlus 8T
Bacterial (1),Bacterial Leaf Spot,14/3/2025,"Madhupur, Tangail",30?°C,Sunny,OnePlus 8T
Bacterial (2),Bacterial Leaf Spot,14/3/2025,"Madhupur, Tangail",30?°C,Sunny,OnePlus 8T
Bacterial (3),Bacterial Leaf Spot,14/3/2025,"Madhupur, Tangail",30?°C,Sunny,OnePlus 8T
Bacterial (4),Bacterial Leaf Spot,14/3/2025,"Madhupur, Tangail",30?°C,Sunny,OnePlus 8T
Bacterial (5),Bacterial Leaf Spot,14/3/2025,"Madhupur, Tangail",30?°C,Sunny,OnePlus 8T
Bacterial (6),Bacterial Leaf Spot,14/3/2025,"Madhupur, Tangail",30?°C,Sunny,OnePlus 8T
Bacterial (7),Bacterial Leaf Spot,14/3/2025,"Madhupur, Tangail",30?°C,Sunny,OnePlus 8T
Bacterial (8),Bacterial Leaf Spot,14/3/2025,"Madhupur, Tangail",30?°C,Sunny,OnePlus 8T
Bacterial (9),Bacterial Leaf Spot,14/3/2025,"Madhupur, Tangail",30?°C,Sunny,OnePlus 8T
Bacterial (10),Bacterial Leaf Spot,14/3/2025,"Madhupur, Tangail",30?°C,Sunny,OnePlus 8T
Bacterial (11),Bacterial Leaf Spot,14/3/2025,"Madhupur, Tangail",30?°C,Sunny,OnePlus 8T
Bacterial (12),Bacterial Leaf Spot,14/3/2025,"Madhupur, Tangail",30?°C,Sunny,OnePlus 8T
Bacterial (13),Bacterial Leaf Spot,14/3/2025,"Madhupur, Tangail",30?°C,Sunny,OnePlus 8T
Bacterial (14),Bacterial Leaf Spot,14/3/2025,"Madhupur, Tangail",30?°C,Sunny,OnePlus 8T
Bacterial (15),Bacterial Leaf Spot,14/3/2025,"Madhupur, Tangail",30?°C,Sunny,OnePlus 8T
Bacterial (16),Bacterial Leaf Spot,14/3/2025,"Madhupur, Tangail",30?°C,Sunny,OnePlus 8T
Bacterial (17),Bacterial Leaf Spot,14/3/2025,"Madhupur, Tangail",30?°C,Sunny,OnePlus 8T
Bacterial (18),Bacterial Leaf Spot,14/3/2025,"Madhupur, Tangail",30?°C,Sunny,OnePlus 8T
Bacterial (19),Bacterial Leaf Spot,14/3/2025,"Madhupur, Tangail",30?°C,Sunny,OnePlus 8T
Bacterial (20),Bacterial Leaf Spot,14/3/2025,"Madhupur, Tangail",30?°C,Sunny,OnePlus 8T
Bacterial (21),Bacterial Leaf Spot,14/3/2025,"Madhupur, Tangail",30?°C,Sunny,OnePlus 8T
Bacterial (22),Bacterial Leaf Spot,14/3/2025,"Madhupur, Tangail",30?°C,Sunny,OnePlus 8T
Bacterial (23),Bacterial Leaf Spot,14/3/2025,"Madhupur, Tangail",30?°C,Sunny,OnePlus 8T
Bacterial (24),Bacterial Leaf Spot,14/3/2025,"Madhupur, Tangail",30?°C,Sunny,OnePlus 8T
Bacterial (25),Bacterial Leaf Spot,14/3/2025,"Madhupur, Tangail",30?°C,Sunny,OnePlus 8T
Bacterial (26),Bacterial Leaf Spot,14/3/2025,"Madhupur, Tangail",30?°C,Sunny,OnePlus 8T
Bacterial (27),Bacterial Leaf Spot,14/3/2025,"Madhupur, Tangail",30?°C,Sunny,OnePlus 8T
Bacterial (28),Bacterial Leaf Spot,14/3/2025,"Madhupur, Tangail",30?°C,Sunny,OnePlus 8T
Bacterial (29),Bacterial Leaf Spot,14/3/2025,"Madhupur, Tangail",30?°C,Sunny,OnePlus 8T
Bacterial (30),Bacterial Leaf Spot,14/3/2025,"Madhupur, Tangail",30?°C,Sunny,OnePlus 8T
Bacterial (31),Bacterial Leaf Spot,14/3/2025,"Madhupur, Tangail",30?°C,Sunny,OnePlus 8T
Bacterial (32),Bacterial Leaf Spot,14/3/2025,"Madhupur, Tangail",30?°C,Sunny,OnePlus 8T
Bacterial (33),Bacterial Leaf Spot,14/3/2025,"Madhupur, Tangail",30?°C,Sunny,OnePlus 8T
Bacterial (34),Bacterial Leaf Spot,14/3/2025,"Madhupur, Tangail",30?°C,Sunny,OnePlus 8T
Bacterial (35),Bacterial Leaf Spot,14/3/2025,"Madhupur, Tangail",30?°C,Sunny,OnePlus 8T
Bacterial (36),Bacterial Leaf Spot,14/3/2025,"Madhupur, Tangail",30?°C,Sunny,OnePlus 8T
Bacterial (37),Bacterial Leaf Spot,14/3/2025,"Madhupur, Tangail",30?°C,Sunny,OnePlus 8T
Bacterial (38),Bacterial Leaf Spot,14/3/2025,"Madhupur, Tangail",30?°C,Sunny,OnePlus 8T
Bacterial (39),Bacterial Leaf Spot,14/3/2025,"Madhupur, Tangail",30?°C,Sunny,OnePlus 8T
Bacterial (40),Bacterial Leaf Spot,14/3/2025,"Madhupur, Tangail",30?°C,Sunny,OnePlus 8T
Bacterial (41),Bacterial Leaf Spot,14/3/2025,"Madhupur, Tangail",30?°C,Sunny,OnePlus 8T
Bacterial (42),Bacterial Leaf Spot,14/3/2025,"Madhupur, Tangail",30?°C,Sunny,OnePlus 8T
Bacterial (43),Bacterial Leaf Spot,14/3/2025,"Madhupur, Tangail",30?°C,Sunny,OnePlus 8T
Bacterial (44),Bacterial Leaf Spot,14/3/2025,"Madhupur, Tangail",30?°C,Sunny,OnePlus 8T
Bacterial (45),Bacterial Leaf Spot,14/3/2025,"Madhupur, Tangail",30?°C,Sunny,OnePlus 8T
Bacterial (46),Bacterial Leaf Spot,14/3/2025,"Madhupur, Tangail",30?°C,Sunny,OnePlus 8T
Bacterial (47),Bacterial Leaf Spot,14/3/2025,"Madhupur, Tangail",30?°C,Sunny,OnePlus 8T
Bacterial (48),Bacterial Leaf Spot,14/3/2025,"Madhupur, Tangail",30?°C,Sunny,OnePlus 8T
Bacterial (49),Bacterial Leaf Spot,14/3/2025,"Madhupur, Tangail",30?°C,Sunny,OnePlus 8T
Bacterial (50),Bacterial Leaf Spot,14/3/2025,"Madhupur, Tangail",30?°C,Sunny,OnePlus 8T
Bacterial (51),Bacterial Leaf Spot,14/3/2025,"Madhupur, Tangail",30?°C,Sunny,OnePlus 8T
Bacterial (52),Bacterial Leaf Spot,14/3/2025,"Madhupur, Tangail",30?°C,Sunny,OnePlus 8T
Bacterial (53),Bacterial Leaf Spot,14/3/2025,"Madhupur, Tangail",30?°C,Sunny,OnePlus 8T
Bacterial (54),Bacterial Leaf Spot,14/3/2025,"Madhupur, Tangail",30?°C,Sunny,OnePlus 8T
Bacterial (55),Bacterial Leaf Spot,14/3/2025,"Madhupur, Tangail",30?°C,Sunny,OnePlus 8T
Bacterial (56),Bacterial Leaf Spot,14/3/2025,"Madhupur, Tangail",30?°C,Sunny,OnePlus 8T
Bacterial (57),Bacterial Leaf Spot,14/3/2025,"Madhupur, Tangail",30?°C,Sunny,OnePlus 8T
Bacterial (58),Bacterial Leaf Spot,14/3/2025,"Madhupur, Tangail",30?°C,Sunny,OnePlus 8T
Bacterial (59),Bacterial Leaf Spot,14/3/2025,"Madhupur, Tangail",30?°C,Sunny,OnePlus 8T
Bacterial (60),Bacterial Leaf Spot,14/3/2025,"Madhupur, Tangail",30?°C,Sunny,OnePlus 8T
Bacterial (61),Bacterial Leaf Spot,14/3/2025,"Madhupur, Tangail",30?°C,Sunny,OnePlus 8T
Bacterial (62),Bacterial Leaf Spot,14/3/2025,"Madhupur, Tangail",30?°C,Sunny,OnePlus 8T
Bacterial (63),Bacterial Leaf Spot,14/3/2025,"Madhupur, Tangail",30?°C,Sunny,OnePlus 8T
Bacterial (64),Bacterial Leaf Spot,14/3/2025,"Madhupur, Tangail",30?°C,Sunny,OnePlus 8T
Bacterial (65),Bacterial Leaf Spot,14/3/2025,"Madhupur, Tangail",30?°C,Sunny,OnePlus 8T
Bacterial (66),Bacterial Leaf Spot,14/3/2025,"Madhupur, Tangail",30?°C,Sunny,OnePlus 8T
Bacterial (67),Bacterial Leaf Spot,14/3/2025,"Madhupur, Tangail",30?°C,Sunny,OnePlus 8T
Bacterial (68),Bacterial Leaf Spot,14/3/2025,"Madhupur, Tangail",30?°C,Sunny,OnePlus 8T
Bacterial (69),Bacterial Leaf Spot,14/3/2025,"Madhupur, Tangail",30?°C,Sunny,OnePlus 8T
Bacterial (70),Bacterial Leaf Spot,14/3/2025,"Madhupur, Tangail",30?°C,Sunny,OnePlus 8T
Bacterial (71),Bacterial Leaf Spot,14/3/2025,"Madhupur, Tangail",30?°C,Sunny,OnePlus 8T
Bacterial (72),Bacterial Leaf Spot,14/3/2025,"Madhupur, Tangail",30?°C,Sunny,OnePlus 8T
Bacterial (73),Bacterial Leaf Spot,14/3/2025,"Madhupur, Tangail",30?°C,Sunny,OnePlus 8T
Bacterial (74),Bacterial Leaf Spot,14/3/2025,"Madhupur, Tangail",30?°C,Sunny,OnePlus 8T
Bacterial (75),Bacterial Leaf Spot,14/3/2025,"Madhupur, Tangail",30?°C,Sunny,OnePlus 8T
Bacterial (76),Bacterial Leaf Spot,14/3/2025,"Madhupur, Tangail",30?°C,Sunny,OnePlus 8T
Bacterial (77),Bacterial Leaf Spot,14/3/2025,"Madhupur, Tangail",30?°C,Sunny,OnePlus 8T
Bacterial (78),Bacterial Leaf Spot,14/3/2025,"Madhupur, Tangail",30?°C,Sunny,OnePlus 8T
Bacterial (79),Bacterial Leaf Spot,14/3/2025,"Madhupur, Tangail",30?°C,Sunny,OnePlus 8T
Bacterial (80),Bacterial Leaf Spot,14/3/2025,"Madhupur, Tangail",30?°C,Sunny,OnePlus 8T
Bacterial (81),Bacterial Leaf Spot,14/3/2025,"Madhupur, Tangail",30?°C,Sunny,OnePlus 8T
Bacterial (82),Bacterial Leaf Spot,14/3/2025,"Madhupur, Tangail",30?°C,Sunny,OnePlus 8T
Bacterial (83),Bacterial Leaf Spot,14/3/2025,"Madhupur, Tangail",30?°C,Sunny,OnePlus 8T
Bacterial (84),Bacterial Leaf Spot,14/3/2025,"Madhupur, Tangail",30?°C,Sunny,OnePlus 8T
Bacterial (85),Bacterial Leaf Spot,14/3/2025,"Madhupur, Tangail",30?°C,Sunny,OnePlus 8T
Bacterial (86),Bacterial Leaf Spot,14/3/2025,"Madhupur, Tangail",30?°C,Sunny,OnePlus 8T
Bacterial (87),Bacterial Leaf Spot,14/3/2025,"Madhupur, Tangail",30?°C,Sunny,OnePlus 8T
Bacterial (88),Bacterial Leaf Spot,14/3/2025,"Madhupur, Tangail",30?°C,Sunny,OnePlus 8T
Bacterial (89),Bacterial Leaf Spot,14/3/2025,"Madhupur, Tangail",30?°C,Sunny,OnePlus 8T
Bacterial (90),Bacterial Leaf Spot,14/3/2025,"Madhupur, Tangail",30?°C,Sunny,OnePlus 8T
Bacterial (91),Bacterial Leaf Spot,14/3/2025,"Madhupur, Tangail",30?°C,Sunny,OnePlus 8T
Bacterial (92),Bacterial Leaf Spot,14/3/2025,"Madhupur, Tangail",30?°C,Sunny,OnePlus 8T
Bacterial (93),Bacterial Leaf Spot,14/3/2025,"Madhupur, Tangail",30?°C,Sunny,OnePlus 8T
Bacterial (94),Bacterial Leaf Spot,14/3/2025,"Madhupur, Tangail",30?°C,Sunny,OnePlus 8T
Bacterial (95),Bacterial Leaf Spot,14/3/2025,"Madhupur, Tangail",30?°C,Sunny,OnePlus 8T
Bacterial (96),Bacterial Leaf Spot,14/3/2025,"Madhupur, Tangail",30?°C,Sunny,OnePlus 8T
Bacterial (97),Bacterial Leaf Spot,14/3/2025,"Madhupur, Tangail",30?°C,Sunny,OnePlus 8T
Bacterial (98),Bacterial Leaf Spot,14/3/2025,"Madhupur, Tangail",30?°C,Sunny,OnePlus 8T
Bacterial (99),Bacterial Leaf Spot,14/3/2025,"Madhupur, Tangail",30?°C,Sunny,OnePlus 8T
Bacterial (100),Bacterial Leaf Spot,14/3/2025,"Madhupur, Tangail",30?°C,Sunny,OnePlus 8T
Bacterial (101),Bacterial Leaf Spot,14/3/2025,"Madhupur, Tangail",30?°C,Sunny,OnePlus 8T
Bacterial (102),Bacterial Leaf Spot,14/3/2025,"Madhupur, Tangail",30?°C,Sunny,OnePlus 8T
Bacterial (103),Bacterial Leaf Spot,14/3/2025,"Madhupur, Tangail",30?°C,Sunny,OnePlus 8T
Bacterial (104),Bacterial Leaf Spot,14/3/2025,"Madhupur, Tangail",30?°C,Sunny,OnePlus 8T
Bacterial (105),Bacterial Leaf Spot,14/3/2025,"Madhupur, Tangail",30?°C,Sunny,OnePlus 8T
Bacterial (106),Bacterial Leaf Spot,14/3/2025,"Madhupur, Tangail",30?°C,Sunny,OnePlus 8T
Bacterial (107),Bacterial Leaf Spot,14/3/2025,"Madhupur, Tangail",30?°C,Sunny,OnePlus 8T
Bacterial (108),Bacterial Leaf Spot,14/3/2025,"Madhupur, Tangail",30?°C,Sunny,OnePlus 8T
Bacterial (109),Bacterial Leaf Spot,14/3/2025,"Madhupur, Tangail",30?°C,Sunny,OnePlus 8T
Bacterial (110),Bacterial Leaf Spot,14/3/2025,"Madhupur, Tangail",30?°C,Sunny,OnePlus 8T
Bacterial (111),Bacterial Leaf Spot,14/3/2025,"Madhupur, Tangail",30?°C,Sunny,OnePlus 8T
Bacterial (112),Bacterial Leaf Spot,14/3/2025,"Madhupur, Tangail",30?°C,Sunny,OnePlus 8T
Bacterial (113),Bacterial Leaf Spot,14/3/2025,"Madhupur, Tangail",30?°C,Sunny,OnePlus 8T
Bacterial (114),Bacterial Leaf Spot,14/3/2025,"Madhupur, Tangail",30?°C,Sunny,OnePlus 8T
Bacterial (115),Bacterial Leaf Spot,14/3/2025,"Madhupur, Tangail",30?°C,Sunny,OnePlus 8T
Bacterial (116),Bacterial Leaf Spot,14/3/2025,"Madhupur, Tangail",30?°C,Sunny,OnePlus 8T
Bacterial (117),Bacterial Leaf Spot,14/3/2025,"Madhupur, Tangail",30?°C,Sunny,OnePlus 8T
Bacterial (118),Bacterial Leaf Spot,14/3/2025,"Madhupur, Tangail",30?°C,Sunny,OnePlus 8T
Bacterial (119),Bacterial Leaf Spot,14/3/2025,"Madhupur, Tangail",30?°C,Sunny,OnePlus 8T
Bacterial (120),Bacterial Leaf Spot,14/3/2025,"Madhupur, Tangail",30?°C,Sunny,OnePlus 8T
Bacterial (121),Bacterial Leaf Spot,14/3/2025,"Madhupur, Tangail",30?°C,Sunny,OnePlus 8T
Bacterial (122),Bacterial Leaf Spot,14/3/2025,"Madhupur, Tangail",30?°C,Sunny,OnePlus 8T
Bacterial (123),Bacterial Leaf Spot,14/3/2025,"Madhupur, Tangail",30?°C,Sunny,OnePlus 8T
Bacterial (124),Bacterial Leaf Spot,14/3/2025,"Madhupur, Tangail",30?°C,Sunny,OnePlus 8T
Bacterial (125),Bacterial Leaf Spot,14/3/2025,"Madhupur, Tangail",30?°C,Sunny,OnePlus 8T
Bacterial (126),Bacterial Leaf Spot,14/3/2025,"Madhupur, Tangail",30?°C,Sunny,OnePlus 8T
Bacterial (127),Bacterial Leaf Spot,14/3/2025,"Madhupur, Tangail",30?°C,Sunny,OnePlus 8T
Bacterial (128),Bacterial Leaf Spot,14/3/2025,"Madhupur, Tangail",30?°C,Sunny,OnePlus 8T
Bacterial (129),Bacterial Leaf Spot,14/3/2025,"Madhupur, Tangail",30?°C,Sunny,OnePlus 8T
Bacterial (130),Bacterial Leaf Spot,14/3/2025,"Madhupur, Tangail",30?°C,Sunny,OnePlus 8T
Bacterial (131),Bacterial Leaf Spot,14/3/2025,"Madhupur, Tangail",30?°C,Sunny,OnePlus 8T
Bacterial (132),Bacterial Leaf Spot,14/3/2025,"Madhupur, Tangail",30?°C,Sunny,OnePlus 8T
Bacterial (133),Bacterial Leaf Spot,14/3/2025,"Madhupur, Tangail",30?°C,Sunny,OnePlus 8T
Bacterial (134),Bacterial Leaf Spot,14/3/2025,"Madhupur, Tangail",30?°C,Sunny,OnePlus 8T
Bacterial (135),Bacterial Leaf Spot,14/3/2025,"Madhupur, Tangail",30?°C,Sunny,OnePlus 8T
Bacterial (136),Bacterial Leaf Spot,14/3/2025,"Madhupur, Tangail",30?°C,Sunny,OnePlus 8T
Bacterial (137),Bacterial Leaf Spot,14/3/2025,"Madhupur, Tangail",30?°C,Sunny,OnePlus 8T
Bacterial (138),Bacterial Leaf Spot,14/3/2025,"Madhupur, Tangail",30?°C,Sunny,OnePlus 8T
Bacterial (139),Bacterial Leaf Spot,14/3/2025,"Madhupur, Tangail",30?°C,Sunny,OnePlus 8T
Bacterial (140),Bacterial Leaf Spot,14/3/2025,"Madhupur, Tangail",30?°C,Sunny,OnePlus 8T
Bacterial (141),Bacterial Leaf Spot,14/3/2025,"Madhupur, Tangail",30?°C,Sunny,OnePlus 8T
Bacterial (142),Bacterial Leaf Spot,14/3/2025,"Madhupur, Tangail",30?°C,Sunny,OnePlus 8T
Bacterial (143),Bacterial Leaf Spot,14/3/2025,"Madhupur, Tangail",30?°C,Sunny,OnePlus 8T
Bacterial (144),Bacterial Leaf Spot,14/3/2025,"Madhupur, Tangail",30?°C,Sunny,OnePlus 8T
Bacterial (145),Bacterial Leaf Spot,14/3/2025,"Madhupur, Tangail",30?°C,Sunny,OnePlus 8T
Bacterial (146),Bacterial Leaf Spot,14/3/2025,"Madhupur, Tangail",30?°C,Sunny,OnePlus 8T
Bacterial (147),Bacterial Leaf Spot,14/3/2025,"Madhupur, Tangail",30?°C,Sunny,OnePlus 8T
Bacterial (148),Bacterial Leaf Spot,14/3/2025,"Madhupur, Tangail",30?°C,Sunny,OnePlus 8T
Bacterial (149),Bacterial Leaf Spot,14/3/2025,"Madhupur, Tangail",30?°C,Sunny,OnePlus 8T
Bacterial (150),Bacterial Leaf Spot,14/3/2025,"Madhupur, Tangail",30?°C,Sunny,OnePlus 8T
Bacterial (151),Bacterial Leaf Spot,14/3/2025,"Madhupur, Tangail",30?°C,Sunny,OnePlus 8T
Bacterial (152),Bacterial Leaf Spot,14/3/2025,"Madhupur, Tangail",30?°C,Sunny,OnePlus 8T
Bacterial (153),Bacterial Leaf Spot,14/3/2025,"Madhupur, Tangail",30?°C,Sunny,OnePlus 8T
Bacterial (154),Bacterial Leaf Spot,14/3/2025,"Madhupur, Tangail",30?°C,Sunny,OnePlus 8T
Bacterial (155),Bacterial Leaf Spot,14/3/2025,"Madhupur, Tangail",30?°C,Sunny,OnePlus 8T
Bacterial (156),Bacterial Leaf Spot,14/3/2025,"Madhupur, Tangail",30?°C,Sunny,OnePlus 8T
Bacterial (157),Bacterial Leaf Spot,14/3/2025,"Madhupur, Tangail",30?°C,Sunny,OnePlus 8T
Bacterial (158),Bacterial Leaf Spot,14/3/2025,"Madhupur, Tangail",30?°C,Sunny,OnePlus 8T
Bacterial (159),Bacterial Leaf Spot,14/3/2025,"Madhupur, Tangail",30?°C,Sunny,OnePlus 8T
Bacterial (160),Bacterial Leaf Spot,14/3/2025,"Madhupur, Tangail",30?°C,Sunny,OnePlus 8T
Bacterial (161),Bacterial Leaf Spot,14/3/2025,"Madhupur, Tangail",30?°C,Sunny,OnePlus 8T
Bacterial (162),Bacterial Leaf Spot,14/3/2025,"Madhupur, Tangail",30?°C,Sunny,OnePlus 8T
Bacterial (163),Bacterial Leaf Spot,14/3/2025,"Madhupur, Tangail",30?°C,Sunny,OnePlus 8T
Bacterial (164),Bacterial Leaf Spot,14/3/2025,"Madhupur, Tangail",30?°C,Sunny,OnePlus 8T
Bacterial (165),Bacterial Leaf Spot,14/3/2025,"Madhupur, Tangail",30?°C,Sunny,OnePlus 8T
Bacterial (166),Bacterial Leaf Spot,14/3/2025,"Madhupur, Tangail",30?°C,Sunny,OnePlus 8T
Bacterial (167),Bacterial Leaf Spot,14/3/2025,"Madhupur, Tangail",30?°C,Sunny,OnePlus 8T
Bacterial (168),Bacterial Leaf Spot,14/3/2025,"Madhupur, Tangail",30?°C,Sunny,OnePlus 8T
Bacterial (169),Bacterial Leaf Spot,14/3/2025,"Madhupur, Tangail",30?°C,Sunny,OnePlus 8T
Bacterial (170),Bacterial Leaf Spot,14/3/2025,"Madhupur, Tangail",30?°C,Sunny,OnePlus 8T
Bacterial (171),Bacterial Leaf Spot,14/3/2025,"Madhupur, Tangail",30?°C,Sunny,OnePlus 8T
Bacterial (172),Bacterial Leaf Spot,14/3/2025,"Madhupur, Tangail",30?°C,Sunny,OnePlus 8T
Bacterial (173),Bacterial Leaf Spot,14/3/2025,"Madhupur, Tangail",30?°C,Sunny,OnePlus 8T
Bacterial (174),Bacterial Leaf Spot,14/3/2025,"Madhupur, Tangail",30?°C,Sunny,OnePlus 8T
Bacterial (175),Bacterial Leaf Spot,14/3/2025,"Madhupur, Tangail",30?°C,Sunny,OnePlus 8T
Bacterial (176),Bacterial Leaf Spot,14/3/2025,"Madhupur, Tangail",30?°C,Sunny,OnePlus 8T
Bacterial (177),Bacterial Leaf Spot,14/3/2025,"Madhupur, Tangail",30?°C,Sunny,OnePlus 8T
Bacterial (178),Bacterial Leaf Spot,14/3/2025,"Madhupur, Tangail",30?°C,Sunny,OnePlus 8T
Bacterial (179),Bacterial Leaf Spot,14/3/2025,"Madhupur, Tangail",30?°C,Sunny,OnePlus 8T
Bacterial (180),Bacterial Leaf Spot,14/3/2025,"Madhupur, Tangail",30?°C,Sunny,OnePlus 8T
Bacterial (181),Bacterial Leaf Spot,14/3/2025,"Madhupur, Tangail",30?°C,Sunny,OnePlus 8T
Bacterial (182),Bacterial Leaf Spot,14/3/2025,"Madhupur, Tangail",30?°C,Sunny,OnePlus 8T
Bacterial (183),Bacterial Leaf Spot,14/3/2025,"Madhupur, Tangail",30?°C,Sunny,OnePlus 8T
Bacterial (184),Bacterial Leaf Spot,14/3/2025,"Madhupur, Tangail",30?°C,Sunny,OnePlus 8T
Bacterial (185),Bacterial Leaf Spot,14/3/2025,"Madhupur, Tangail",30?°C,Sunny,OnePlus 8T
Bacterial (186),Bacterial Leaf Spot,14/3/2025,"Madhupur, Tangail",30?°C,Sunny,OnePlus 8T
Bacterial (187),Bacterial Leaf Spot,14/3/2025,"Madhupur, Tangail",30?°C,Sunny,OnePlus 8T
Bacterial (188),Bacterial Leaf Spot,14/3/2025,"Madhupur, Tangail",30?°C,Sunny,OnePlus 8T
Bacterial (189),Bacterial Leaf Spot,14/3/2025,"Madhupur, Tangail",30?°C,Sunny,OnePlus 8T
Bacterial (190),Bacterial Leaf Spot,14/3/2025,"Madhupur, Tangail",30?°C,Sunny,OnePlus 8T
Bacterial (191),Bacterial Leaf Spot,14/3/2025,"Madhupur, Tangail",30?°C,Sunny,OnePlus 8T
Bacterial (192),Bacterial Leaf Spot,14/3/2025,"Madhupur, Tangail",30?°C,Sunny,OnePlus 8T
Bacterial (193),Bacterial Leaf Spot,14/3/2025,"Madhupur, Tangail",30?°C,Sunny,OnePlus 8T
Bacterial (194),Bacterial Leaf Spot,14/3/2025,"Madhupur, Tangail",30?°C,Sunny,OnePlus 8T
Bacterial (195),Bacterial Leaf Spot,14/3/2025,"Madhupur, Tangail",30?°C,Sunny,OnePlus 8T
Bacterial (196),Bacterial Leaf Spot,14/3/2025,"Madhupur, Tangail",30?°C,Sunny,OnePlus 8T
Bacterial (197),Bacterial Leaf Spot,14/3/2025,"Madhupur, Tangail",30?°C,Sunny,OnePlus 8T
Bacterial (198),Bacterial Leaf Spot,14/3/2025,"Madhupur, Tangail",30?°C,Sunny,OnePlus 8T
Bacterial (199),Bacterial Leaf Spot,14/3/2025,"Madhupur, Tangail",30?°C,Sunny,OnePlus 8T
Bacterial (200),Bacterial Leaf Spot,14/3/2025,"Madhupur, Tangail",30?°C,Sunny,OnePlus 8T
Bacterial (201),Bacterial Leaf Spot,14/3/2025,"Madhupur, Tangail",30?°C,Sunny,OnePlus 8T
Bacterial (202),Bacterial Leaf Spot,14/3/2025,"Madhupur, Tangail",30?°C,Sunny,OnePlus 8T
Bacterial (203),Bacterial Leaf Spot,14/3/2025,"Madhupur, Tangail",30?°C,Sunny,OnePlus 8T
Bacterial (204),Bacterial Leaf Spot,14/3/2025,"Madhupur, Tangail",30?°C,Sunny,OnePlus 8T
Bacterial (205),Bacterial Leaf Spot,14/3/2025,"Madhupur, Tangail",30?°C,Sunny,OnePlus 8T
Bacterial (206),Bacterial Leaf Spot,14/3/2025,"Madhupur, Tangail",30?°C,Sunny,OnePlus 8T
Bacterial (207),Bacterial Leaf Spot,14/3/2025,"Madhupur, Tangail",30?°C,Sunny,OnePlus 8T
Bacterial (208),Bacterial Leaf Spot,14/3/2025,"Madhupur, Tangail",30?°C,Sunny,OnePlus 8T
Bacterial (209),Bacterial Leaf Spot,14/3/2025,"Madhupur, Tangail",30?°C,Sunny,OnePlus 8T
Bacterial (210),Bacterial Leaf Spot,14/3/2025,"Madhupur, Tangail",30?°C,Sunny,OnePlus 8T
Bacterial (211),Bacterial Leaf Spot,14/3/2025,"Madhupur, Tangail",30?°C,Sunny,OnePlus 8T
Bacterial (212),Bacterial Leaf Spot,14/3/2025,"Madhupur, Tangail",30?°C,Sunny,OnePlus 8T
Bacterial (213),Bacterial Leaf Spot,14/3/2025,"Madhupur, Tangail",30?°C,Sunny,OnePlus 8T
Bacterial (214),Bacterial Leaf Spot,14/3/2025,"Madhupur, Tangail",30?°C,Sunny,OnePlus 8T
Bacterial (215),Bacterial Leaf Spot,14/3/2025,"Madhupur, Tangail",30?°C,Sunny,OnePlus 8T
Bacterial (216),Bacterial Leaf Spot,14/3/2025,"Madhupur, Tangail",30?°C,Sunny,OnePlus 8T
Bacterial (217),Bacterial Leaf Spot,14/3/2025,"Madhupur, Tangail",30?°C,Sunny,OnePlus 8T
Bacterial (218),Bacterial Leaf Spot,14/3/2025,"Madhupur, Tangail",30?°C,Sunny,OnePlus 8T
Bacterial (219),Bacterial Leaf Spot,14/3/2025,"Madhupur, Tangail",30?°C,Sunny,OnePlus 8T
Bacterial (220),Bacterial Leaf Spot,14/3/2025,"Madhupur, Tangail",30?°C,Sunny,OnePlus 8T
Bacterial (221),Bacterial Leaf Spot,14/3/2025,"Madhupur, Tangail",30?°C,Sunny,OnePlus 8T
Bacterial (222),Bacterial Leaf Spot,14/3/2025,"Madhupur, Tangail",30?°C,Sunny,OnePlus 8T
Bacterial (223),Bacterial Leaf Spot,14/3/2025,"Madhupur, Tangail",30?°C,Sunny,OnePlus 8T
Bacterial (224),Bacterial Leaf Spot,14/3/2025,"Madhupur, Tangail",30?°C,Sunny,OnePlus 8T
Bacterial (225),Bacterial Leaf Spot,14/3/2025,"Madhupur, Tangail",30?°C,Sunny,OnePlus 8T
Bacterial (226),Bacterial Leaf Spot,14/3/2025,"Madhupur, Tangail",30?°C,Sunny,OnePlus 8T
Bacterial (227),Bacterial Leaf Spot,14/3/2025,"Madhupur, Tangail",30?°C,Sunny,OnePlus 8T
Bacterial (228),Bacterial Leaf Spot,14/3/2025,"Madhupur, Tangail",30?°C,Sunny,OnePlus 8T
Bacterial (229),Bacterial Leaf Spot,14/3/2025,"Madhupur, Tangail",30?°C,Sunny,OnePlus 8T
Bacterial (230),Bacterial Leaf Spot,14/3/2025,"Madhupur, Tangail",30?°C,Sunny,OnePlus 8T
Bacterial (231),Bacterial Leaf Spot,14/3/2025,"Madhupur, Tangail",30?°C,Sunny,OnePlus 8T
Bacterial (232),Bacterial Leaf Spot,14/3/2025,"Madhupur, Tangail",30?°C,Sunny,OnePlus 8T
Bacterial (233),Bacterial Leaf Spot,14/3/2025,"Madhupur, Tangail",30?°C,Sunny,OnePlus 8T
Bacterial (234),Bacterial Leaf Spot,14/3/2025,"Madhupur, Tangail",30?°C,Sunny,OnePlus 8T
Bacterial (235),Bacterial Leaf Spot,14/3/2025,"Madhupur, Tangail",30?°C,Sunny,OnePlus 8T
Bacterial (236),Bacterial Leaf Spot,14/3/2025,"Madhupur, Tangail",30?°C,Sunny,OnePlus 8T
Bacterial (237),Bacterial Leaf Spot,14/3/2025,"Madhupur, Tangail",30?°C,Sunny,OnePlus 8T
Bacterial (238),Bacterial Leaf Spot,14/3/2025,"Madhupur, Tangail",30?°C,Sunny,OnePlus 8T
Bacterial (239),Bacterial Leaf Spot,14/3/2025,"Madhupur, Tangail",30?°C,Sunny,OnePlus 8T
Bacterial (240),Bacterial Leaf Spot,14/3/2025,"Madhupur, Tangail",30?°C,Sunny,OnePlus 8T
Bacterial (241),Bacterial Leaf Spot,14/3/2025,"Madhupur, Tangail",30?°C,Sunny,OnePlus 8T
Bacterial (242),Bacterial Leaf Spot,14/3/2025,"Madhupur, Tangail",30?°C,Sunny,OnePlus 8T
Bacterial (243),Bacterial Leaf Spot,14/3/2025,"Madhupur, Tangail",30?°C,Sunny,OnePlus 8T
Bacterial (244),Bacterial Leaf Spot,14/3/2025,"Madhupur, Tangail",30?°C,Sunny,OnePlus 8T
Bacterial (245),Bacterial Leaf Spot,14/3/2025,"Madhupur, Tangail",30?°C,Sunny,OnePlus 8T
Bacterial (246),Bacterial Leaf Spot,14/3/2025,"Madhupur, Tangail",30?°C,Sunny,OnePlus 8T
Bacterial (247),Bacterial Leaf Spot,14/3/2025,"Madhupur, Tangail",30?°C,Sunny,OnePlus 8T
Bacterial (248),Bacterial Leaf Spot,14/3/2025,"Madhupur, Tangail",30?°C,Sunny,OnePlus 8T
Bacterial (249),Bacterial Leaf Spot,14/3/2025,"Madhupur, Tangail",30?°C,Sunny,OnePlus 8T
Bacterial (250),Bacterial Leaf Spot,14/3/2025,"Madhupur, Tangail",30?°C,Sunny,OnePlus 8T
Bacterial (251),Bacterial Leaf Spot,14/3/2025,"Madhupur, Tangail",30?°C,Sunny,OnePlus 8T
Bacterial (252),Bacterial Leaf Spot,14/3/2025,"Madhupur, Tangail",30?°C,Sunny,OnePlus 8T
Bacterial (253),Bacterial Leaf Spot,14/3/2025,"Madhupur, Tangail",30?°C,Sunny,OnePlus 8T
Bacterial (254),Bacterial Leaf Spot,14/3/2025,"Madhupur, Tangail",30?°C,Sunny,OnePlus 8T
Bacterial (255),Bacterial Leaf Spot,14/3/2025,"Madhupur, Tangail",30?°C,Sunny,OnePlus 8T
Bacterial (256),Bacterial Leaf Spot,14/3/2025,"Madhupur, Tangail",30?°C,Sunny,OnePlus 8T
Bacterial (257),Bacterial Leaf Spot,14/3/2025,"Madhupur, Tangail",30?°C,Sunny,OnePlus 8T
Bacterial (258),Bacterial Leaf Spot,14/3/2025,"Madhupur, Tangail",30?°C,Sunny,OnePlus 8T
Bacterial (259),Bacterial Leaf Spot,14/3/2025,"Madhupur, Tangail",30?°C,Sunny,OnePlus 8T
Bacterial (260),Bacterial Leaf Spot,14/3/2025,"Madhupur, Tangail",30?°C,Sunny,OnePlus 8T
Bacterial (261),Bacterial Leaf Spot,14/3/2025,"Madhupur, Tangail",30?°C,Sunny,OnePlus 8T
Bacterial (262),Bacterial Leaf Spot,14/3/2025,"Madhupur, Tangail",30?°C,Sunny,OnePlus 8T
Bacterial (263),Bacterial Leaf Spot,14/3/2025,"Madhupur, Tangail",30?°C,Sunny,OnePlus 8T
Bacterial (264),Bacterial Leaf Spot,14/3/2025,"Madhupur, Tangail",30?°C,Sunny,OnePlus 8T
Bacterial (265),Bacterial Leaf Spot,14/3/2025,"Madhupur, Tangail",30?°C,Sunny,OnePlus 8T
Bacterial (266),Bacterial Leaf Spot,14/3/2025,"Madhupur, Tangail",30?°C,Sunny,OnePlus 8T
Bacterial (267),Bacterial Leaf Spot,14/3/2025,"Madhupur, Tangail",30?°C,Sunny,OnePlus 8T
Bacterial (268),Bacterial Leaf Spot,14/3/2025,"Madhupur, Tangail",30?°C,Sunny,OnePlus 8T
Bacterial (269),Bacterial Leaf Spot,14/3/2025,"Madhupur, Tangail",30?°C,Sunny,OnePlus 8T
Bacterial (270),Bacterial Leaf Spot,14/3/2025,"Madhupur, Tangail",30?°C,Sunny,OnePlus 8T
Bacterial (271),Bacterial Leaf Spot,14/3/2025,"Madhupur, Tangail",30?°C,Sunny,OnePlus 8T
Bacterial (272),Bacterial Leaf Spot,14/3/2025,"Madhupur, Tangail",30?°C,Sunny,OnePlus 8T
Bacterial (273),Bacterial Leaf Spot,14/3/2025,"Madhupur, Tangail",30?°C,Sunny,OnePlus 8T
Bacterial (274),Bacterial Leaf Spot,14/3/2025,"Madhupur, Tangail",30?°C,Sunny,OnePlus 8T
Bacterial (275),Bacterial Leaf Spot,14/3/2025,"Madhupur, Tangail",30?°C,Sunny,OnePlus 8T
Bacterial (276),Bacterial Leaf Spot,14/3/2025,"Madhupur, Tangail",30?°C,Sunny,OnePlus 8T
Bacterial (277),Bacterial Leaf Spot,14/3/2025,"Madhupur, Tangail",30?°C,Sunny,OnePlus 8T
Bacterial (278),Bacterial Leaf Spot,14/3/2025,"Madhupur, Tangail",30?°C,Sunny,OnePlus 8T
Bacterial (279),Bacterial Leaf Spot,14/3/2025,"Madhupur, Tangail",30?°C,Sunny,OnePlus 8T
Bacterial (280),Bacterial Leaf Spot,14/3/2025,"Madhupur, Tangail",30?°C,Sunny,OnePlus 8T
Bacterial (281),Bacterial Leaf Spot,14/3/2025,"Madhupur, Tangail",30?°C,Sunny,OnePlus 8T
Bacterial (282),Bacterial Leaf Spot,14/3/2025,"Madhupur, Tangail",30?°C,Sunny,OnePlus 8T
Bacterial (283),Bacterial Leaf Spot,14/3/2025,"Madhupur, Tangail",30?°C,Sunny,OnePlus 8T
Bacterial (284),Bacterial Leaf Spot,14/3/2025,"Madhupur, Tangail",30?°C,Sunny,OnePlus 8T
Bacterial (285),Bacterial Leaf Spot,14/3/2025,"Madhupur, Tangail",30?°C,Sunny,OnePlus 8T
Bacterial (286),Bacterial Leaf Spot,14/3/2025,"Madhupur, Tangail",30?°C,Sunny,OnePlus 8T
Bacterial (287),Bacterial Leaf Spot,14/3/2025,"Madhupur, Tangail",30?°C,Sunny,OnePlus 8T
Bacterial (288),Bacterial Leaf Spot,14/3/2025,"Madhupur, Tangail",30?°C,Sunny,OnePlus 8T
Bacterial (289),Bacterial Leaf Spot,14/3/2025,"Madhupur, Tangail",30?°C,Sunny,OnePlus 8T
Bacterial (290),Bacterial Leaf Spot,14/3/2025,"Madhupur, Tangail",30?°C,Sunny,OnePlus 8T
Bacterial (291),Bacterial Leaf Spot,14/3/2025,"Madhupur, Tangail",30?°C,Sunny,OnePlus 8T
Bacterial (292),Bacterial Leaf Spot,14/3/2025,"Madhupur, Tangail",30?°C,Sunny,OnePlus 8T
Bacterial (293),Bacterial Leaf Spot,14/3/2025,"Madhupur, Tangail",30?°C,Sunny,OnePlus 8T
Bacterial (294),Bacterial Leaf Spot,14/3/2025,"Madhupur, Tangail",30?°C,Sunny,OnePlus 8T
Bacterial (295),Bacterial Leaf Spot,14/3/2025,"Madhupur, Tangail",30?°C,Sunny,OnePlus 8T
Bacterial (296),Bacterial Leaf Spot,14/3/2025,"Madhupur, Tangail",30?°C,Sunny,OnePlus 8T
Bacterial (297),Bacterial Leaf Spot,14/3/2025,"Madhupur, Tangail",30?°C,Sunny,OnePlus 8T
Bacterial (298),Bacterial Leaf Spot,14/3/2025,"Madhupur, Tangail",30?°C,Sunny,OnePlus 8T
Bacterial (299),Bacterial Leaf Spot,14/3/2025,"Madhupur, Tangail",30?°C,Sunny,OnePlus 8T
Bacterial (300),Bacterial Leaf Spot,14/3/2025,"Madhupur, Tangail",30?°C,Sunny,OnePlus 8T
Bacterial (301),Bacterial Leaf Spot,14/3/2025,"Madhupur, Tangail",30?°C,Sunny,OnePlus 8T
Bacterial (302),Bacterial Leaf Spot,14/3/2025,"Madhupur, Tangail",30?°C,Sunny,OnePlus 8T
Bacterial (303),Bacterial Leaf Spot,14/3/2025,"Madhupur, Tangail",30?°C,Sunny,OnePlus 8T
Bacterial (304),Bacterial Leaf Spot,14/3/2025,"Madhupur, Tangail",30?°C,Sunny,OnePlus 8T
Bacterial (305),Bacterial Leaf Spot,14/3/2025,"Madhupur, Tangail",30?°C,Sunny,OnePlus 8T
Bacterial (306),Bacterial Leaf Spot,14/3/2025,"Madhupur, Tangail",30?°C,Sunny,OnePlus 8T
Bacterial (307),Bacterial Leaf Spot,14/3/2025,"Madhupur, Tangail",30?°C,Sunny,OnePlus 8T
Bacterial (308),Bacterial Leaf Spot,14/3/2025,"Madhupur, Tangail",30?°C,Sunny,OnePlus 8T
Bacterial (309),Bacterial Leaf Spot,14/3/2025,"Madhupur, Tangail",30?°C,Sunny,OnePlus 8T
Bacterial (310),Bacterial Leaf Spot,14/3/2025,"Madhupur, Tangail",30?°C,Sunny,OnePlus 8T
Bacterial (311),Bacterial Leaf Spot,14/3/2025,"Madhupur, Tangail",30?°C,Sunny,OnePlus 8T
Bacterial (312),Bacterial Leaf Spot,14/3/2025,"Madhupur, Tangail",30?°C,Sunny,OnePlus 8T
Bacterial (313),Bacterial Leaf Spot,14/3/2025,"Madhupur, Tangail",30?°C,Sunny,OnePlus 8T
Bacterial (314),Bacterial Leaf Spot,14/3/2025,"Madhupur, Tangail",30?°C,Sunny,OnePlus 8T
Bacterial (315),Bacterial Leaf Spot,14/3/2025,"Madhupur, Tangail",30?°C,Sunny,OnePlus 8T
Bacterial (316),Bacterial Leaf Spot,14/3/2025,"Madhupur, Tangail",30?°C,Sunny,OnePlus 8T
Bacterial (317),Bacterial Leaf Spot,14/3/2025,"Madhupur, Tangail",30?°C,Sunny,OnePlus 8T
Bacterial (318),Bacterial Leaf Spot,14/3/2025,"Madhupur, Tangail",30?°C,Sunny,OnePlus 8T
Bacterial (319),Bacterial Leaf Spot,14/3/2025,"Madhupur, Tangail",30?°C,Sunny,OnePlus 8T
Bacterial (320),Bacterial Leaf Spot,14/3/2025,"Madhupur, Tangail",30?°C,Sunny,OnePlus 8T
Bacterial (321),Bacterial Leaf Spot,14/3/2025,"Madhupur, Tangail",30?°C,Sunny,OnePlus 8T
Bacterial (322),Bacterial Leaf Spot,14/3/2025,"Madhupur, Tangail",30?°C,Sunny,OnePlus 8T
Bacterial (323),Bacterial Leaf Spot,14/3/2025,"Madhupur, Tangail",30?°C,Sunny,OnePlus 8T
Bacterial (324),Bacterial Leaf Spot,14/3/2025,"Madhupur, Tangail",30?°C,Sunny,OnePlus 8T
Bacterial (325),Bacterial Leaf Spot,14/3/2025,"Madhupur, Tangail",30?°C,Sunny,OnePlus 8T
Bacterial (326),Bacterial Leaf Spot,14/3/2025,"Madhupur, Tangail",30?°C,Sunny,OnePlus 8T
Bacterial (327),Bacterial Leaf Spot,14/3/2025,"Madhupur, Tangail",30?°C,Sunny,OnePlus 8T
Bacterial (328),Bacterial Leaf Spot,14/3/2025,"Madhupur, Tangail",30?°C,Sunny,OnePlus 8T
Bacterial (329),Bacterial Leaf Spot,14/3/2025,"Madhupur, Tangail",30?°C,Sunny,OnePlus 8T
Bacterial (330),Bacterial Leaf Spot,14/3/2025,"Madhupur, Tangail",30?°C,Sunny,OnePlus 8T
Bacterial (331),Bacterial Leaf Spot,14/3/2025,"Madhupur, Tangail",30?°C,Sunny,OnePlus 8T
Bacterial (332),Bacterial Leaf Spot,14/3/2025,"Madhupur, Tangail",30?°C,Sunny,OnePlus 8T
Bacterial (333),Bacterial Leaf Spot,14/3/2025,"Madhupur, Tangail",30?°C,Sunny,OnePlus 8T
Bacterial (334),Bacterial Leaf Spot,14/3/2025,"Madhupur, Tangail",30?°C,Sunny,OnePlus 8T
Bacterial (335),Bacterial Leaf Spot,14/3/2025,"Madhupur, Tangail",30?°C,Sunny,OnePlus 8T
Bacterial (336),Bacterial Leaf Spot,14/3/2025,"Madhupur, Tangail",30?°C,Sunny,OnePlus 8T
Bacterial (337),Bacterial Leaf Spot,14/3/2025,"Madhupur, Tangail",30?°C,Sunny,OnePlus 8T
Bacterial (338),Bacterial Leaf Spot,14/3/2025,"Madhupur, Tangail",30?°C,Sunny,OnePlus 8T
Bacterial (339),Bacterial Leaf Spot,14/3/2025,"Madhupur, Tangail",30?°C,Sunny,OnePlus 8T
Bacterial (340),Bacterial Leaf Spot,14/3/2025,"Madhupur, Tangail",30?°C,Sunny,OnePlus 8T
Bacterial (341),Bacterial Leaf Spot,14/3/2025,"Madhupur, Tangail",30?°C,Sunny,OnePlus 8T
Bacterial (342),Bacterial Leaf Spot,14/3/2025,"Madhupur, Tangail",30?°C,Sunny,OnePlus 8T
Bacterial (343),Bacterial Leaf Spot,14/3/2025,"Madhupur, Tangail",30?°C,Sunny,OnePlus 8T
Bacterial (344),Bacterial Leaf Spot,14/3/2025,"Madhupur, Tangail",30?°C,Sunny,OnePlus 8T
Bacterial (345),Bacterial Leaf Spot,14/3/2025,"Madhupur, Tangail",30?°C,Sunny,OnePlus 8T
Bacterial (346),Bacterial Leaf Spot,14/3/2025,"Madhupur, Tangail",30?°C,Sunny,OnePlus 8T
Bacterial (347),Bacterial Leaf Spot,14/3/2025,"Madhupur, Tangail",30?°C,Sunny,OnePlus 8T
Bacterial (348),Bacterial Leaf Spot,14/3/2025,"Madhupur, Tangail",30?°C,Sunny,OnePlus 8T
Bacterial (349),Bacterial Leaf Spot,14/3/2025,"Madhupur, Tangail",30?°C,Sunny,OnePlus 8T
Bacterial (350),Bacterial Leaf Spot,14/3/2025,"Madhupur, Tangail",30?°C,Sunny,OnePlus 8T
Bacterial (351),Bacterial Leaf Spot,14/3/2025,"Madhupur, Tangail",30?°C,Sunny,OnePlus 8T
Bacterial (352),Bacterial Leaf Spot,14/3/2025,"Madhupur, Tangail",30?°C,Sunny,OnePlus 8T
Bacterial (353),Bacterial Leaf Spot,14/3/2025,"Madhupur, Tangail",30?°C,Sunny,OnePlus 8T
Bacterial (354),Bacterial Leaf Spot,14/3/2025,"Madhupur, Tangail",30?°C,Sunny,OnePlus 8T
Bacterial (355),Bacterial Leaf Spot,14/3/2025,"Madhupur, Tangail",30?°C,Sunny,OnePlus 8T
Bacterial (356),Bacterial Leaf Spot,14/3/2025,"Madhupur, Tangail",30?°C,Sunny,OnePlus 8T
Bacterial (357),Bacterial Leaf Spot,14/3/2025,"Madhupur, Tangail",30?°C,Sunny,OnePlus 8T
Bacterial (358),Bacterial Leaf Spot,14/3/2025,"Madhupur, Tangail",30?°C,Sunny,OnePlus 8T
Bacterial (359),Bacterial Leaf Spot,14/3/2025,"Madhupur, Tangail",30?°C,Sunny,OnePlus 8T
Bacterial (360),Bacterial Leaf Spot,14/3/2025,"Madhupur, Tangail",30?°C,Sunny,OnePlus 8T
Bacterial (361),Bacterial Leaf Spot,14/3/2025,"Madhupur, Tangail",30?°C,Sunny,OnePlus 8T
Bacterial (362),Bacterial Leaf Spot,14/3/2025,"Madhupur, Tangail",30?°C,Sunny,OnePlus 8T
Bacterial (363),Bacterial Leaf Spot,14/3/2025,"Madhupur, Tangail",30?°C,Sunny,OnePlus 8T
Bacterial (364),Bacterial Leaf Spot,14/3/2025,"Madhupur, Tangail",30?°C,Sunny,OnePlus 8T
Bacterial (365),Bacterial Leaf Spot,14/3/2025,"Madhupur, Tangail",30?°C,Sunny,OnePlus 8T
Bacterial (366),Bacterial Leaf Spot,14/3/2025,"Madhupur, Tangail",30?°C,Sunny,OnePlus 8T
Bacterial (367),Bacterial Leaf Spot,14/3/2025,"Madhupur, Tangail",30?°C,Sunny,OnePlus 8T
Bacterial (368),Bacterial Leaf Spot,14/3/2025,"Madhupur, Tangail",30?°C,Sunny,OnePlus 8T
Bacterial (369),Bacterial Leaf Spot,14/3/2025,"Madhupur, Tangail",30?°C,Sunny,OnePlus 8T
Bacterial (370),Bacterial Leaf Spot,14/3/2025,"Madhupur, Tangail",30?°C,Sunny,OnePlus 8T
Bacterial (371),Bacterial Leaf Spot,14/3/2025,"Madhupur, Tangail",30?°C,Sunny,OnePlus 8T
Bacterial (372),Bacterial Leaf Spot,14/3/2025,"Madhupur, Tangail",30?°C,Sunny,OnePlus 8T
Bacterial (373),Bacterial Leaf Spot,14/3/2025,"Madhupur, Tangail",30?°C,Sunny,OnePlus 8T
Bacterial (374),Bacterial Leaf Spot,14/3/2025,"Madhupur, Tangail",30?°C,Sunny,OnePlus 8T
Bacterial (375),Bacterial Leaf Spot,14/3/2025,"Madhupur, Tangail",30?°C,Sunny,OnePlus 8T
Bacterial (376),Bacterial Leaf Spot,14/3/2025,"Madhupur, Tangail",30?°C,Sunny,OnePlus 8T
Bacterial (377),Bacterial Leaf Spot,14/3/2025,"Madhupur, Tangail",30?°C,Sunny,OnePlus 8T
Bacterial (378),Bacterial Leaf Spot,14/3/2025,"Madhupur, Tangail",30?°C,Sunny,OnePlus 8T
Bacterial (379),Bacterial Leaf Spot,14/3/2025,"Madhupur, Tangail",30?°C,Sunny,OnePlus 8T
Bacterial (380),Bacterial Leaf Spot,14/3/2025,"Madhupur, Tangail",30?°C,Sunny,OnePlus 8T
Bacterial (381),Bacterial Leaf Spot,14/3/2025,"Madhupur, Tangail",30?°C,Sunny,OnePlus 8T
Bacterial (382),Bacterial Leaf Spot,14/3/2025,"Madhupur, Tangail",30?°C,Sunny,OnePlus 8T
Bacterial (383),Bacterial Leaf Spot,14/3/2025,"Madhupur, Tangail",30?°C,Sunny,OnePlus 8T
Bacterial (384),Bacterial Leaf Spot,14/3/2025,"Madhupur, Tangail",30?°C,Sunny,OnePlus 8T
Bacterial (385),Bacterial Leaf Spot,14/3/2025,"Madhupur, Tangail",30?°C,Sunny,OnePlus 8T
Bacterial (386),Bacterial Leaf Spot,14/3/2025,"Madhupur, Tangail",30?°C,Sunny,OnePlus 8T
Bacterial (387),Bacterial Leaf Spot,14/3/2025,"Madhupur, Tangail",30?°C,Sunny,OnePlus 8T
Bacterial (388),Bacterial Leaf Spot,14/3/2025,"Madhupur, Tangail",30?°C,Sunny,OnePlus 8T
Bacterial (389),Bacterial Leaf Spot,14/3/2025,"Madhupur, Tangail",30?°C,Sunny,OnePlus 8T
Bacterial (390),Bacterial Leaf Spot,14/3/2025,"Madhupur, Tangail",30?°C,Sunny,OnePlus 8T
Bacterial (391),Bacterial Leaf Spot,14/3/2025,"Madhupur, Tangail",30?°C,Sunny,OnePlus 8T
Bacterial (392),Bacterial Leaf Spot,14/3/2025,"Madhupur, Tangail",30?°C,Sunny,OnePlus 8T
Bacterial (393),Bacterial Leaf Spot,14/3/2025,"Madhupur, Tangail",30?°C,Sunny,OnePlus 8T
Bacterial (394),Bacterial Leaf Spot,14/3/2025,"Madhupur, Tangail",30?°C,Sunny,OnePlus 8T
Bacterial (395),Bacterial Leaf Spot,14/3/2025,"Madhupur, Tangail",30?°C,Sunny,OnePlus 8T
Bacterial (396),Bacterial Leaf Spot,14/3/2025,"Madhupur, Tangail",30?°C,Sunny,OnePlus 8T
Bacterial (397),Bacterial Leaf Spot,14/3/2025,"Madhupur, Tangail",30?°C,Sunny,OnePlus 8T
Bacterial (398),Bacterial Leaf Spot,14/3/2025,"Madhupur, Tangail",30?°C,Sunny,OnePlus 8T
Bacterial (399),Bacterial Leaf Spot,14/3/2025,"Madhupur, Tangail",30?°C,Sunny,OnePlus 8T
Bacterial (400),Bacterial Leaf Spot,14/3/2025,"Madhupur, Tangail",30?°C,Sunny,OnePlus 8T
Bacterial (401),Bacterial Leaf Spot,14/3/2025,"Madhupur, Tangail",30?°C,Sunny,OnePlus 8T
Bacterial (402),Bacterial Leaf Spot,14/3/2025,"Madhupur, Tangail",30?°C,Sunny,OnePlus 8T
Bacterial (403),Bacterial Leaf Spot,14/3/2025,"Madhupur, Tangail",30?°C,Sunny,OnePlus 8T
Bacterial (404),Bacterial Leaf Spot,14/3/2025,"Madhupur, Tangail",30?°C,Sunny,OnePlus 8T
Bacterial (405),Bacterial Leaf Spot,14/3/2025,"Madhupur, Tangail",30?°C,Sunny,OnePlus 8T
Bacterial (406),Bacterial Leaf Spot,14/3/2025,"Madhupur, Tangail",30?°C,Sunny,OnePlus 8T
Bacterial (407),Bacterial Leaf Spot,14/3/2025,"Madhupur, Tangail",30?°C,Sunny,OnePlus 8T
Bacterial (408),Bacterial Leaf Spot,14/3/2025,"Madhupur, Tangail",30?°C,Sunny,OnePlus 8T
Bacterial (409),Bacterial Leaf Spot,14/3/2025,"Madhupur, Tangail",30?°C,Sunny,OnePlus 8T
Bacterial (410),Bacterial Leaf Spot,14/3/2025,"Madhupur, Tangail",30?°C,Sunny,OnePlus 8T
Bacterial (411),Bacterial Leaf Spot,14/3/2025,"Madhupur, Tangail",30?°C,Sunny,OnePlus 8T
Bacterial (412),Bacterial Leaf Spot,14/3/2025,"Madhupur, Tangail",30?°C,Sunny,OnePlus 8T
Bacterial (413),Bacterial Leaf Spot,14/3/2025,"Madhupur, Tangail",30?°C,Sunny,OnePlus 8T
Bacterial (414),Bacterial Leaf Spot,14/3/2025,"Madhupur, Tangail",30?°C,Sunny,OnePlus 8T
Bacterial (415),Bacterial Leaf Spot,14/3/2025,"Madhupur, Tangail",30?°C,Sunny,OnePlus 8T
Bacterial (416),Bacterial Leaf Spot,14/3/2025,"Madhupur, Tangail",30?°C,Sunny,OnePlus 8T
Bacterial (417),Bacterial Leaf Spot,14/3/2025,"Madhupur, Tangail",30?°C,Sunny,OnePlus 8T
Bacterial (418),Bacterial Leaf Spot,14/3/2025,"Madhupur, Tangail",30?°C,Sunny,OnePlus 8T
Bacterial (419),Bacterial Leaf Spot,14/3/2025,"Madhupur, Tangail",30?°C,Sunny,OnePlus 8T
Bacterial (420),Bacterial Leaf Spot,14/3/2025,"Madhupur, Tangail",30?°C,Sunny,OnePlus 8T
Bacterial (421),Bacterial Leaf Spot,14/3/2025,"Madhupur, Tangail",30?°C,Sunny,OnePlus 8T
Bacterial (422),Bacterial Leaf Spot,14/3/2025,"Madhupur, Tangail",30?°C,Sunny,OnePlus 8T
Bacterial (423),Bacterial Leaf Spot,14/3/2025,"Madhupur, Tangail",30?°C,Sunny,OnePlus 8T
Bacterial (424),Bacterial Leaf Spot,14/3/2025,"Madhupur, Tangail",30?°C,Sunny,OnePlus 8T
Bacterial (425),Bacterial Leaf Spot,14/3/2025,"Madhupur, Tangail",30?°C,Sunny,OnePlus 8T
Bacterial (426),Bacterial Leaf Spot,14/3/2025,"Madhupur, Tangail",30?°C,Sunny,OnePlus 8T
Bacterial (427),Bacterial Leaf Spot,14/3/2025,"Madhupur, Tangail",30?°C,Sunny,OnePlus 8T
Bacterial (428),Bacterial Leaf Spot,14/3/2025,"Madhupur, Tangail",30?°C,Sunny,OnePlus 8T
Bacterial (429),Bacterial Leaf Spot,14/3/2025,"Madhupur, Tangail",30?°C,Sunny,OnePlus 8T
Bacterial (430),Bacterial Leaf Spot,14/3/2025,"Madhupur, Tangail",30?°C,Sunny,OnePlus 8T
Bacterial (431),Bacterial Leaf Spot,14/3/2025,"Madhupur, Tangail",30?°C,Sunny,OnePlus 8T
Bacterial (432),Bacterial Leaf Spot,14/3/2025,"Madhupur, Tangail",30?°C,Sunny,OnePlus 8T
Bacterial (433),Bacterial Leaf Spot,14/3/2025,"Madhupur, Tangail",30?°C,Sunny,OnePlus 8T
Bacterial (434),Bacterial Leaf Spot,14/3/2025,"Madhupur, Tangail",30?°C,Sunny,OnePlus 8T
Bacterial (435),Bacterial Leaf Spot,14/3/2025,"Madhupur, Tangail",30?°C,Sunny,OnePlus 8T
Bacterial (436),Bacterial Leaf Spot,14/3/2025,"Madhupur, Tangail",30?°C,Sunny,OnePlus 8T
Bacterial (437),Bacterial Leaf Spot,14/3/2025,"Madhupur, Tangail",30?°C,Sunny,OnePlus 8T
Bacterial (438),Bacterial Leaf Spot,14/3/2025,"Madhupur, Tangail",30?°C,Sunny,OnePlus 8T
Bacterial (439),Bacterial Leaf Spot,14/3/2025,"Madhupur, Tangail",30?°C,Sunny,OnePlus 8T
Bacterial (440),Bacterial Leaf Spot,14/3/2025,"Madhupur, Tangail",30?°C,Sunny,OnePlus 8T
Bacterial (441),Bacterial Leaf Spot,14/3/2025,"Madhupur, Tangail",30?°C,Sunny,OnePlus 8T
Bacterial (442),Bacterial Leaf Spot,14/3/2025,"Madhupur, Tangail",30?°C,Sunny,OnePlus 8T
Bacterial (443),Bacterial Leaf Spot,14/3/2025,"Madhupur, Tangail",30?°C,Sunny,OnePlus 8T
Bacterial (444),Bacterial Leaf Spot,14/3/2025,"Madhupur, Tangail",30?°C,Sunny,OnePlus 8T
Bacterial (445),Bacterial Leaf Spot,14/3/2025,"Madhupur, Tangail",30?°C,Sunny,OnePlus 8T
Bacterial (446),Bacterial Leaf Spot,14/3/2025,"Madhupur, Tangail",30?°C,Sunny,OnePlus 8T
Bacterial (447),Bacterial Leaf Spot,14/3/2025,"Madhupur, Tangail",30?°C,Sunny,OnePlus 8T
Bacterial (448),Bacterial Leaf Spot,14/3/2025,"Madhupur, Tangail",30?°C,Sunny,OnePlus 8T
Bacterial (449),Bacterial Leaf Spot,14/3/2025,"Madhupur, Tangail",30?°C,Sunny,OnePlus 8T
Bacterial (450),Bacterial Leaf Spot,14/3/2025,"Madhupur, Tangail",30?°C,Sunny,OnePlus 8T
Bacterial (451),Bacterial Leaf Spot,14/3/2025,"Madhupur, Tangail",30?°C,Sunny,OnePlus 8T
Bacterial (452),Bacterial Leaf Spot,14/3/2025,"Madhupur, Tangail",30?°C,Sunny,OnePlus 8T
Bacterial (453),Bacterial Leaf Spot,14/3/2025,"Madhupur, Tangail",30?°C,Sunny,OnePlus 8T
Bacterial (454),Bacterial Leaf Spot,14/3/2025,"Madhupur, Tangail",30?°C,Sunny,OnePlus 8T
Bacterial (455),Bacterial Leaf Spot,14/3/2025,"Madhupur, Tangail",30?°C,Sunny,OnePlus 8T
Bacterial (456),Bacterial Leaf Spot,14/3/2025,"Madhupur, Tangail",30?°C,Sunny,OnePlus 8T
Bacterial (457),Bacterial Leaf Spot,14/3/2025,"Madhupur, Tangail",30?°C,Sunny,OnePlus 8T
Bacterial (458),Bacterial Leaf Spot,14/3/2025,"Madhupur, Tangail",30?°C,Sunny,OnePlus 8T
Bacterial (459),Bacterial Leaf Spot,14/3/2025,"Madhupur, Tangail",30?°C,Sunny,OnePlus 8T
Bacterial (460),Bacterial Leaf Spot,14/3/2025,"Madhupur, Tangail",30?°C,Sunny,OnePlus 8T
Bacterial (461),Bacterial Leaf Spot,14/3/2025,"Madhupur, Tangail",30?°C,Sunny,OnePlus 8T
Bacterial (462),Bacterial Leaf Spot,14/3/2025,"Madhupur, Tangail",30?°C,Sunny,OnePlus 8T
Bacterial (463),Bacterial Leaf Spot,14/3/2025,"Madhupur, Tangail",30?°C,Sunny,OnePlus 8T
Bacterial (464),Bacterial Leaf Spot,14/3/2025,"Madhupur, Tangail",30?°C,Sunny,OnePlus 8T
Bacterial (465),Bacterial Leaf Spot,14/3/2025,"Madhupur, Tangail",30?°C,Sunny,OnePlus 8T
Bacterial (466),Bacterial Leaf Spot,14/3/2025,"Madhupur, Tangail",30?°C,Sunny,OnePlus 8T
Bacterial (467),Bacterial Leaf Spot,14/3/2025,"Madhupur, Tangail",30?°C,Sunny,OnePlus 8T
Bacterial (468),Bacterial Leaf Spot,14/3/2025,"Madhupur, Tangail",30?°C,Sunny,OnePlus 8T
Bacterial (469),Bacterial Leaf Spot,14/3/2025,"Madhupur, Tangail",30?°C,Sunny,OnePlus 8T
Bacterial (470),Bacterial Leaf Spot,14/3/2025,"Madhupur, Tangail",30?°C,Sunny,OnePlus 8T
Bacterial (471),Bacterial Leaf Spot,14/3/2025,"Madhupur, Tangail",30?°C,Sunny,OnePlus 8T
Bacterial (472),Bacterial Leaf Spot,14/3/2025,"Madhupur, Tangail",30?°C,Sunny,OnePlus 8T
Bacterial (473),Bacterial Leaf Spot,14/3/2025,"Madhupur, Tangail",30?°C,Sunny,OnePlus 8T
Bacterial (474),Bacterial Leaf Spot,14/3/2025,"Madhupur, Tangail",30?°C,Sunny,OnePlus 8T
Bacterial (475),Bacterial Leaf Spot,14/3/2025,"Madhupur, Tangail",30?°C,Sunny,OnePlus 8T
Bacterial (476),Bacterial Leaf Spot,14/3/2025,"Madhupur, Tangail",30?°C,Sunny,OnePlus 8T
Bacterial (477),Bacterial Leaf Spot,14/3/2025,"Madhupur, Tangail",30?°C,Sunny,OnePlus 8T
Bacterial (478),Bacterial Leaf Spot,14/3/2025,"Madhupur, Tangail",30?°C,Sunny,OnePlus 8T
Bacterial (479),Bacterial Leaf Spot,14/3/2025,"Madhupur, Tangail",30?°C,Sunny,OnePlus 8T
Bacterial (480),Bacterial Leaf Spot,14/3/2025,"Madhupur, Tangail",30?°C,Sunny,OnePlus 8T
Bacterial (481),Bacterial Leaf Spot,14/3/2025,"Madhupur, Tangail",30?°C,Sunny,OnePlus 8T
Bacterial (482),Bacterial Leaf Spot,14/3/2025,"Madhupur, Tangail",30?°C,Sunny,OnePlus 8T
Bacterial (483),Bacterial Leaf Spot,14/3/2025,"Madhupur, Tangail",30?°C,Sunny,OnePlus 8T
Bacterial (484),Bacterial Leaf Spot,14/3/2025,"Madhupur, Tangail",30?°C,Sunny,OnePlus 8T
Bacterial (485),Bacterial Leaf Spot,14/3/2025,"Madhupur, Tangail",30?°C,Sunny,OnePlus 8T
Bacterial (486),Bacterial Leaf Spot,14/3/2025,"Madhupur, Tangail",30?°C,Sunny,OnePlus 8T
Bacterial (487),Bacterial Leaf Spot,14/3/2025,"Madhupur, Tangail",30?°C,Sunny,OnePlus 8T
Bacterial (488),Bacterial Leaf Spot,14/3/2025,"Madhupur, Tangail",30?°C,Sunny,OnePlus 8T
Bacterial (489),Bacterial Leaf Spot,14/3/2025,"Madhupur, Tangail",30?°C,Sunny,OnePlus 8T
Bacterial (490),Bacterial Leaf Spot,14/3/2025,"Madhupur, Tangail",30?°C,Sunny,OnePlus 8T
Bacterial (491),Bacterial Leaf Spot,14/3/2025,"Madhupur, Tangail",30?°C,Sunny,OnePlus 8T
Bacterial (492),Bacterial Leaf Spot,14/3/2025,"Madhupur, Tangail",30?°C,Sunny,OnePlus 8T
Bacterial (493),Bacterial Leaf Spot,14/3/2025,"Madhupur, Tangail",30?°C,Sunny,OnePlus 8T
Bacterial (494),Bacterial Leaf Spot,14/3/2025,"Madhupur, Tangail",30?°C,Sunny,OnePlus 8T
Bacterial (495),Bacterial Leaf Spot,14/3/2025,"Madhupur, Tangail",30?°C,Sunny,OnePlus 8T
Bacterial (496),Bacterial Leaf Spot,14/3/2025,"Madhupur, Tangail",30?°C,Sunny,OnePlus 8T
Bacterial (497),Bacterial Leaf Spot,14/3/2025,"Madhupur, Tangail",30?°C,Sunny,OnePlus 8T
Bacterial (498),Bacterial Leaf Spot,14/3/2025,"Madhupur, Tangail",30?°C,Sunny,OnePlus 8T
Bacterial (499),Bacterial Leaf Spot,14/3/2025,"Madhupur, Tangail",30?°C,Sunny,OnePlus 8T
Bacterial (500),Bacterial Leaf Spot,14/3/2025,"Madhupur, Tangail",30?°C,Sunny,OnePlus 8T
Bacterial (501),Bacterial Leaf Spot,14/3/2025,"Madhupur, Tangail",30?°C,Sunny,OnePlus 8T
Bacterial (502),Bacterial Leaf Spot,14/3/2025,"Madhupur, Tangail",30?°C,Sunny,OnePlus 8T
Bacterial (503),Bacterial Leaf Spot,14/3/2025,"Madhupur, Tangail",30?°C,Sunny,OnePlus 8T
Bacterial (504),Bacterial Leaf Spot,14/3/2025,"Madhupur, Tangail",30?°C,Sunny,OnePlus 8T
Bacterial (505),Bacterial Leaf Spot,14/3/2025,"Madhupur, Tangail",30?°C,Sunny,OnePlus 8T
Bacterial (506),Bacterial Leaf Spot,14/3/2025,"Madhupur, Tangail",30?°C,Sunny,OnePlus 8T
Bacterial (507),Bacterial Leaf Spot,14/3/2025,"Madhupur, Tangail",30?°C,Sunny,OnePlus 8T
Bacterial (508),Bacterial Leaf Spot,14/3/2025,"Madhupur, Tangail",30?°C,Sunny,OnePlus 8T
Bacterial (509),Bacterial Leaf Spot,14/3/2025,"Madhupur, Tangail",30?°C,Sunny,OnePlus 8T
Bacterial (510),Bacterial Leaf Spot,14/3/2025,"Madhupur, Tangail",30?°C,Sunny,OnePlus 8T
Bacterial (511),Bacterial Leaf Spot,14/3/2025,"Madhupur, Tangail",30?°C,Sunny,OnePlus 8T
Bacterial (512),Bacterial Leaf Spot,14/3/2025,"Madhupur, Tangail",30?°C,Sunny,OnePlus 8T
Bacterial (513),Bacterial Leaf Spot,14/3/2025,"Madhupur, Tangail",30?°C,Sunny,OnePlus 8T
Bacterial (514),Bacterial Leaf Spot,14/3/2025,"Madhupur, Tangail",30?°C,Sunny,OnePlus 8T
Bacterial (515),Bacterial Leaf Spot,14/3/2025,"Madhupur, Tangail",30?°C,Sunny,OnePlus 8T
Bacterial (516),Bacterial Leaf Spot,14/3/2025,"Madhupur, Tangail",30?°C,Sunny,OnePlus 8T
Bacterial (517),Bacterial Leaf Spot,14/3/2025,"Madhupur, Tangail",30?°C,Sunny,OnePlus 8T
Bacterial (518),Bacterial Leaf Spot,14/3/2025,"Madhupur, Tangail",30?°C,Sunny,OnePlus 8T
Bacterial (519),Bacterial Leaf Spot,14/3/2025,"Madhupur, Tangail",30?°C,Sunny,OnePlus 8T
Bacterial (520),Bacterial Leaf Spot,14/3/2025,"Madhupur, Tangail",30?°C,Sunny,OnePlus 8T
Bacterial (521),Bacterial Leaf Spot,14/3/2025,"Madhupur, Tangail",30?°C,Sunny,OnePlus 8T
Bacterial (522),Bacterial Leaf Spot,14/3/2025,"Madhupur, Tangail",30?°C,Sunny,OnePlus 8T
Bacterial (523),Bacterial Leaf Spot,14/3/2025,"Madhupur, Tangail",30?°C,Sunny,OnePlus 8T
Bacterial (524),Bacterial Leaf Spot,14/3/2025,"Madhupur, Tangail",30?°C,Sunny,OnePlus 8T
Bacterial (525),Bacterial Leaf Spot,14/3/2025,"Madhupur, Tangail",30?°C,Sunny,OnePlus 8T
Bacterial (526),Bacterial Leaf Spot,14/3/2025,"Madhupur, Tangail",30?°C,Sunny,OnePlus 8T
Bacterial (527),Bacterial Leaf Spot,14/3/2025,"Madhupur, Tangail",30?°C,Sunny,OnePlus 8T
Bacterial (528),Bacterial Leaf Spot,14/3/2025,"Madhupur, Tangail",30?°C,Sunny,OnePlus 8T
Bacterial (529),Bacterial Leaf Spot,14/3/2025,"Madhupur, Tangail",30?°C,Sunny,OnePlus 8T
Bacterial (530),Bacterial Leaf Spot,14/3/2025,"Madhupur, Tangail",30?°C,Sunny,OnePlus 8T
Bacterial (531),Bacterial Leaf Spot,14/3/2025,"Madhupur, Tangail",30?°C,Sunny,OnePlus 8T
Bacterial (532),Bacterial Leaf Spot,14/3/2025,"Madhupur, Tangail",30?°C,Sunny,OnePlus 8T
Bacterial (533),Bacterial Leaf Spot,14/3/2025,"Madhupur, Tangail",30?°C,Sunny,OnePlus 8T
Bacterial (534),Bacterial Leaf Spot,14/3/2025,"Madhupur, Tangail",30?°C,Sunny,OnePlus 8T
Bacterial (535),Bacterial Leaf Spot,14/3/2025,"Madhupur, Tangail",30?°C,Sunny,OnePlus 8T
Bacterial (536),Bacterial Leaf Spot,14/3/2025,"Madhupur, Tangail",30?°C,Sunny,OnePlus 8T
Bacterial (537),Bacterial Leaf Spot,14/3/2025,"Madhupur, Tangail",30?°C,Sunny,OnePlus 8T
Bacterial (538),Bacterial Leaf Spot,14/3/2025,"Madhupur, Tangail",30?°C,Sunny,OnePlus 8T
Bacterial (539),Bacterial Leaf Spot,14/3/2025,"Madhupur, Tangail",30?°C,Sunny,OnePlus 8T
Bacterial (540),Bacterial Leaf Spot,14/3/2025,"Madhupur, Tangail",30?°C,Sunny,OnePlus 8T
Bacterial (541),Bacterial Leaf Spot,14/3/2025,"Madhupur, Tangail",30?°C,Sunny,OnePlus 8T
Bacterial (542),Bacterial Leaf Spot,14/3/2025,"Madhupur, Tangail",30?°C,Sunny,OnePlus 8T
Bacterial (543),Bacterial Leaf Spot,14/3/2025,"Madhupur, Tangail",30?°C,Sunny,OnePlus 8T
Bacterial (544),Bacterial Leaf Spot,14/3/2025,"Madhupur, Tangail",30?°C,Sunny,OnePlus 8T
Bacterial (545),Bacterial Leaf Spot,14/3/2025,"Madhupur, Tangail",30?°C,Sunny,OnePlus 8T
Bacterial (546),Bacterial Leaf Spot,14/3/2025,"Madhupur, Tangail",30?°C,Sunny,OnePlus 8T
Bacterial (547),Bacterial Leaf Spot,14/3/2025,"Madhupur, Tangail",30?°C,Sunny,OnePlus 8T
Bacterial (548),Bacterial Leaf Spot,14/3/2025,"Madhupur, Tangail",30?°C,Sunny,OnePlus 8T
Bacterial (549),Bacterial Leaf Spot,14/3/2025,"Madhupur, Tangail",30?°C,Sunny,OnePlus 8T
Bacterial (550),Bacterial Leaf Spot,14/3/2025,"Madhupur, Tangail",30?°C,Sunny,OnePlus 8T
Bacterial (551),Bacterial Leaf Spot,14/3/2025,"Madhupur, Tangail",30?°C,Sunny,OnePlus 8T
Bacterial (552),Bacterial Leaf Spot,14/3/2025,"Madhupur, Tangail",30?°C,Sunny,OnePlus 8T
Bacterial (553),Bacterial Leaf Spot,14/3/2025,"Madhupur, Tangail",30?°C,Sunny,OnePlus 8T
Bacterial (554),Bacterial Leaf Spot,14/3/2025,"Madhupur, Tangail",30?°C,Sunny,OnePlus 8T
Bacterial (555),Bacterial Leaf Spot,14/3/2025,"Madhupur, Tangail",30?°C,Sunny,OnePlus 8T
Bacterial (556),Bacterial Leaf Spot,14/3/2025,"Madhupur, Tangail",30?°C,Sunny,OnePlus 8T
Bacterial (557),Bacterial Leaf Spot,14/3/2025,"Madhupur, Tangail",30?°C,Sunny,OnePlus 8T
Bacterial (558),Bacterial Leaf Spot,14/3/2025,"Madhupur, Tangail",30?°C,Sunny,OnePlus 8T
Bacterial (559),Bacterial Leaf Spot,14/3/2025,"Madhupur, Tangail",30?°C,Sunny,OnePlus 8T
Bacterial (560),Bacterial Leaf Spot,14/3/2025,"Madhupur, Tangail",30?°C,Sunny,OnePlus 8T
Bacterial (561),Bacterial Leaf Spot,14/3/2025,"Madhupur, Tangail",30?°C,Sunny,OnePlus 8T
Bacterial (562),Bacterial Leaf Spot,14/3/2025,"Madhupur, Tangail",30?°C,Sunny,OnePlus 8T
Bacterial (563),Bacterial Leaf Spot,14/3/2025,"Madhupur, Tangail",30?°C,Sunny,OnePlus 8T
Bacterial (564),Bacterial Leaf Spot,14/3/2025,"Madhupur, Tangail",30?°C,Sunny,OnePlus 8T
Bacterial (565),Bacterial Leaf Spot,14/3/2025,"Madhupur, Tangail",30?°C,Sunny,OnePlus 8T
Bacterial (566),Bacterial Leaf Spot,14/3/2025,"Madhupur, Tangail",30?°C,Sunny,OnePlus 8T
Bacterial (567),Bacterial Leaf Spot,14/3/2025,"Madhupur, Tangail",30?°C,Sunny,OnePlus 8T
Bacterial (568),Bacterial Leaf Spot,14/3/2025,"Madhupur, Tangail",30?°C,Sunny,OnePlus 8T
Bacterial (569),Bacterial Leaf Spot,14/3/2025,"Madhupur, Tangail",30?°C,Sunny,OnePlus 8T
Bacterial (570),Bacterial Leaf Spot,14/3/2025,"Madhupur, Tangail",30?°C,Sunny,OnePlus 8T
Bacterial (571),Bacterial Leaf Spot,14/3/2025,"Madhupur, Tangail",30?°C,Sunny,OnePlus 8T
Bacterial (572),Bacterial Leaf Spot,14/3/2025,"Madhupur, Tangail",30?°C,Sunny,OnePlus 8T
Bacterial (573),Bacterial Leaf Spot,14/3/2025,"Madhupur, Tangail",30?°C,Sunny,OnePlus 8T
Bacterial (574),Bacterial Leaf Spot,14/3/2025,"Madhupur, Tangail",30?°C,Sunny,OnePlus 8T
Bacterial (575),Bacterial Leaf Spot,14/3/2025,"Madhupur, Tangail",30?°C,Sunny,OnePlus 8T
Bacterial (576),Bacterial Leaf Spot,14/3/2025,"Madhupur, Tangail",30?°C,Sunny,OnePlus 8T
Bacterial (577),Bacterial Leaf Spot,14/3/2025,"Madhupur, Tangail",30?°C,Sunny,OnePlus 8T
Bacterial (578),Bacterial Leaf Spot,14/3/2025,"Madhupur, Tangail",30?°C,Sunny,OnePlus 8T
Bacterial (579),Bacterial Leaf Spot,14/3/2025,"Madhupur, Tangail",30?°C,Sunny,OnePlus 8T
Bacterial (580),Bacterial Leaf Spot,14/3/2025,"Madhupur, Tangail",30?°C,Sunny,OnePlus 8T
Bacterial (581),Bacterial Leaf Spot,14/3/2025,"Madhupur, Tangail",30?°C,Sunny,OnePlus 8T
Bacterial (582),Bacterial Leaf Spot,14/3/2025,"Madhupur, Tangail",30?°C,Sunny,OnePlus 8T
Bacterial (583),Bacterial Leaf Spot,14/3/2025,"Madhupur, Tangail",30?°C,Sunny,OnePlus 8T
Bacterial (584),Bacterial Leaf Spot,14/3/2025,"Madhupur, Tangail",30?°C,Sunny,OnePlus 8T
Bacterial (585),Bacterial Leaf Spot,14/3/2025,"Madhupur, Tangail",30?°C,Sunny,OnePlus 8T
Bacterial (586),Bacterial Leaf Spot,14/3/2025,"Madhupur, Tangail",30?°C,Sunny,OnePlus 8T
Bacterial (587),Bacterial Leaf Spot,14/3/2025,"Madhupur, Tangail",30?°C,Sunny,OnePlus 8T
Bacterial (588),Bacterial Leaf Spot,14/3/2025,"Madhupur, Tangail",30?°C,Sunny,OnePlus 8T
Bacterial (589),Bacterial Leaf Spot,14/3/2025,"Madhupur, Tangail",30?°C,Sunny,OnePlus 8T
Bacterial (590),Bacterial Leaf Spot,14/3/2025,"Madhupur, Tangail",30?°C,Sunny,OnePlus 8T
Bacterial (591),Bacterial Leaf Spot,14/3/2025,"Madhupur, Tangail",30?°C,Sunny,OnePlus 8T
Bacterial (592),Bacterial Leaf Spot,14/3/2025,"Madhupur, Tangail",30?°C,Sunny,OnePlus 8T
Bacterial (593),Bacterial Leaf Spot,14/3/2025,"Madhupur, Tangail",30?°C,Sunny,OnePlus 8T
Bacterial (594),Bacterial Leaf Spot,14/3/2025,"Madhupur, Tangail",30?°C,Sunny,OnePlus 8T
Bacterial (595),Bacterial Leaf Spot,14/3/2025,"Madhupur, Tangail",30?°C,Sunny,OnePlus 8T
Bacterial (596),Bacterial Leaf Spot,14/3/2025,"Madhupur, Tangail",30?°C,Sunny,OnePlus 8T
Bacterial (597),Bacterial Leaf Spot,14/3/2025,"Madhupur, Tangail",30?°C,Sunny,OnePlus 8T
Bacterial (598),Bacterial Leaf Spot,14/3/2025,"Madhupur, Tangail",30?°C,Sunny,OnePlus 8T
Bacterial (599),Bacterial Leaf Spot,14/3/2025,"Madhupur, Tangail",30?°C,Sunny,OnePlus 8T
Bacterial (600),Bacterial Leaf Spot,14/3/2025,"Madhupur, Tangail",30?°C,Sunny,OnePlus 8T
Bacterial (601),Bacterial Leaf Spot,14/3/2025,"Madhupur, Tangail",30?°C,Sunny,iQOO Z9 Turbo 
Bacterial (602),Bacterial Leaf Spot,14/3/2025,"Madhupur, Tangail",30?°C,Sunny,iQOO Z9 Turbo 
Bacterial (603),Bacterial Leaf Spot,14/3/2025,"Madhupur, Tangail",30?°C,Sunny,iQOO Z9 Turbo 
Bacterial (604),Bacterial Leaf Spot,14/3/2025,"Madhupur, Tangail",30?°C,Sunny,iQOO Z9 Turbo 
Bacterial (605),Bacterial Leaf Spot,14/3/2025,"Madhupur, Tangail",30?°C,Sunny,iQOO Z9 Turbo 
Bacterial (606),Bacterial Leaf Spot,14/3/2025,"Madhupur, Tangail",30?°C,Sunny,iQOO Z9 Turbo 
Bacterial (607),Bacterial Leaf Spot,14/3/2025,"Madhupur, Tangail",30?°C,Sunny,iQOO Z9 Turbo 
Bacterial (608),Bacterial Leaf Spot,14/3/2025,"Madhupur, Tangail",30?°C,Sunny,iQOO Z9 Turbo 
Bacterial (609),Bacterial Leaf Spot,14/3/2025,"Madhupur, Tangail",30?°C,Sunny,iQOO Z9 Turbo 
Bacterial (610),Bacterial Leaf Spot,14/3/2025,"Madhupur, Tangail",30?°C,Sunny,iQOO Z9 Turbo 
Bacterial (611),Bacterial Leaf Spot,14/3/2025,"Madhupur, Tangail",30?°C,Sunny,iQOO Z9 Turbo 
Bacterial (612),Bacterial Leaf Spot,14/3/2025,"Madhupur, Tangail",30?°C,Sunny,iQOO Z9 Turbo 
Bacterial (613),Bacterial Leaf Spot,14/3/2025,"Madhupur, Tangail",30?°C,Sunny,iQOO Z9 Turbo 
Bacterial (614),Bacterial Leaf Spot,14/3/2025,"Madhupur, Tangail",30?°C,Sunny,iQOO Z9 Turbo 
Bacterial (615),Bacterial Leaf Spot,14/3/2025,"Madhupur, Tangail",30?°C,Sunny,iQOO Z9 Turbo 
Bacterial (616),Bacterial Leaf Spot,14/3/2025,"Madhupur, Tangail",30?°C,Sunny,iQOO Z9 Turbo 
Bacterial (617),Bacterial Leaf Spot,14/3/2025,"Madhupur, Tangail",30?°C,Sunny,iQOO Z9 Turbo 
Bacterial (618),Bacterial Leaf Spot,14/3/2025,"Madhupur, Tangail",30?°C,Sunny,iQOO Z9 Turbo 
Bacterial (619),Bacterial Leaf Spot,14/3/2025,"Madhupur, Tangail",30?°C,Sunny,iQOO Z9 Turbo 
Bacterial (620),Bacterial Leaf Spot,14/3/2025,"Madhupur, Tangail",30?°C,Sunny,iQOO Z9 Turbo 
Bacterial (621),Bacterial Leaf Spot,14/3/2025,"Madhupur, Tangail",30?°C,Sunny,iQOO Z9 Turbo 
Bacterial (622),Bacterial Leaf Spot,14/3/2025,"Madhupur, Tangail",30?°C,Sunny,iQOO Z9 Turbo 
Bacterial (623),Bacterial Leaf Spot,14/3/2025,"Madhupur, Tangail",30?°C,Sunny,iQOO Z9 Turbo 
Bacterial (624),Bacterial Leaf Spot,14/3/2025,"Madhupur, Tangail",30?°C,Sunny,iQOO Z9 Turbo 
Bacterial (625),Bacterial Leaf Spot,14/3/2025,"Madhupur, Tangail",30?°C,Sunny,iQOO Z9 Turbo 
Bacterial (626),Bacterial Leaf Spot,14/3/2025,"Madhupur, Tangail",30?°C,Sunny,iQOO Z9 Turbo 
Bacterial (627),Bacterial Leaf Spot,14/3/2025,"Madhupur, Tangail",30?°C,Sunny,iQOO Z9 Turbo 
Bacterial (628),Bacterial Leaf Spot,14/3/2025,"Madhupur, Tangail",30?°C,Sunny,iQOO Z9 Turbo 
Bacterial (629),Bacterial Leaf Spot,14/3/2025,"Madhupur, Tangail",30?°C,Sunny,iQOO Z9 Turbo 
Bacterial (630),Bacterial Leaf Spot,14/3/2025,"Madhupur, Tangail",30?°C,Sunny,iQOO Z9 Turbo 
Bacterial (631),Bacterial Leaf Spot,14/3/2025,"Madhupur, Tangail",30?°C,Sunny,iQOO Z9 Turbo 
Bacterial (632),Bacterial Leaf Spot,14/3/2025,"Madhupur, Tangail",30?°C,Sunny,iQOO Z9 Turbo 
Bacterial (633),Bacterial Leaf Spot,14/3/2025,"Madhupur, Tangail",30?°C,Sunny,iQOO Z9 Turbo 
Bacterial (634),Bacterial Leaf Spot,14/3/2025,"Madhupur, Tangail",30?°C,Sunny,iQOO Z9 Turbo 
Bacterial (635),Bacterial Leaf Spot,14/3/2025,"Madhupur, Tangail",30?°C,Sunny,iQOO Z9 Turbo 
Bacterial (636),Bacterial Leaf Spot,14/3/2025,"Madhupur, Tangail",30?°C,Sunny,iQOO Z9 Turbo 
Bacterial (637),Bacterial Leaf Spot,14/3/2025,"Madhupur, Tangail",30?°C,Sunny,iQOO Z9 Turbo 
Bacterial (638),Bacterial Leaf Spot,14/3/2025,"Madhupur, Tangail",30?°C,Sunny,iQOO Z9 Turbo 
Bacterial (639),Bacterial Leaf Spot,14/3/2025,"Madhupur, Tangail",30?°C,Sunny,iQOO Z9 Turbo 
Bacterial (640),Bacterial Leaf Spot,14/3/2025,"Madhupur, Tangail",30?°C,Sunny,iQOO Z9 Turbo 
Bacterial (641),Bacterial Leaf Spot,14/3/2025,"Madhupur, Tangail",30?°C,Sunny,iQOO Z9 Turbo 
Bacterial (642),Bacterial Leaf Spot,14/3/2025,"Madhupur, Tangail",30?°C,Sunny,iQOO Z9 Turbo 
Bacterial (643),Bacterial Leaf Spot,14/3/2025,"Madhupur, Tangail",30?°C,Sunny,iQOO Z9 Turbo 
Bacterial (644),Bacterial Leaf Spot,14/3/2025,"Madhupur, Tangail",30?°C,Sunny,iQOO Z9 Turbo 
Bacterial (645),Bacterial Leaf Spot,14/3/2025,"Madhupur, Tangail",30?°C,Sunny,iQOO Z9 Turbo 
Bacterial (646),Bacterial Leaf Spot,14/3/2025,"Madhupur, Tangail",30?°C,Sunny,iQOO Z9 Turbo 
Bacterial (647),Bacterial Leaf Spot,14/3/2025,"Madhupur, Tangail",30?°C,Sunny,iQOO Z9 Turbo 
Bacterial (648),Bacterial Leaf Spot,14/3/2025,"Madhupur, Tangail",30?°C,Sunny,iQOO Z9 Turbo 
Bacterial (649),Bacterial Leaf Spot,14/3/2025,"Madhupur, Tangail",30?°C,Sunny,iQOO Z9 Turbo 
Bacterial (650),Bacterial Leaf Spot,14/3/2025,"Madhupur, Tangail",30?°C,Sunny,iQOO Z9 Turbo 
Bacterial (651),Bacterial Leaf Spot,14/3/2025,"Madhupur, Tangail",30?°C,Sunny,iQOO Z9 Turbo 
Bacterial (652),Bacterial Leaf Spot,14/3/2025,"Madhupur, Tangail",30?°C,Sunny,iQOO Z9 Turbo 
Bacterial (653),Bacterial Leaf Spot,14/3/2025,"Madhupur, Tangail",30?°C,Sunny,iQOO Z9 Turbo 
Bacterial (654),Bacterial Leaf Spot,14/3/2025,"Madhupur, Tangail",30?°C,Sunny,iQOO Z9 Turbo 
Bacterial (655),Bacterial Leaf Spot,14/3/2025,"Madhupur, Tangail",30?°C,Sunny,iQOO Z9 Turbo 
Bacterial (656),Bacterial Leaf Spot,14/3/2025,"Madhupur, Tangail",30?°C,Sunny,iQOO Z9 Turbo 
Bacterial (657),Bacterial Leaf Spot,14/3/2025,"Madhupur, Tangail",30?°C,Sunny,iQOO Z9 Turbo 
Bacterial (658),Bacterial Leaf Spot,14/3/2025,"Madhupur, Tangail",30?°C,Sunny,iQOO Z9 Turbo 
Bacterial (659),Bacterial Leaf Spot,14/3/2025,"Madhupur, Tangail",30?°C,Sunny,iQOO Z9 Turbo 
Bacterial (660),Bacterial Leaf Spot,14/3/2025,"Madhupur, Tangail",30?°C,Sunny,iQOO Z9 Turbo 
Bacterial (661),Bacterial Leaf Spot,14/3/2025,"Madhupur, Tangail",30?°C,Sunny,iQOO Z9 Turbo 
Bacterial (662),Bacterial Leaf Spot,14/3/2025,"Madhupur, Tangail",30?°C,Sunny,iQOO Z9 Turbo 
Bacterial (663),Bacterial Leaf Spot,14/3/2025,"Madhupur, Tangail",30?°C,Sunny,iQOO Z9 Turbo 
Bacterial (664),Bacterial Leaf Spot,14/3/2025,"Madhupur, Tangail",30?°C,Sunny,iQOO Z9 Turbo 
Bacterial (665),Bacterial Leaf Spot,14/3/2025,"Madhupur, Tangail",30?°C,Sunny,iQOO Z9 Turbo 
Bacterial (666),Bacterial Leaf Spot,14/3/2025,"Madhupur, Tangail",30?°C,Sunny,iQOO Z9 Turbo 
Bacterial (667),Bacterial Leaf Spot,14/3/2025,"Madhupur, Tangail",30?°C,Sunny,iQOO Z9 Turbo 
Bacterial (668),Bacterial Leaf Spot,14/3/2025,"Madhupur, Tangail",30?°C,Sunny,iQOO Z9 Turbo 
Bacterial (669),Bacterial Leaf Spot,14/3/2025,"Madhupur, Tangail",30?°C,Sunny,iQOO Z9 Turbo 
Bacterial (670),Bacterial Leaf Spot,14/3/2025,"Madhupur, Tangail",30?°C,Sunny,iQOO Z9 Turbo 
Bacterial (671),Bacterial Leaf Spot,14/3/2025,"Madhupur, Tangail",30?°C,Sunny,iQOO Z9 Turbo 
Bacterial (672),Bacterial Leaf Spot,14/3/2025,"Madhupur, Tangail",30?°C,Sunny,iQOO Z9 Turbo 
Bacterial (673),Bacterial Leaf Spot,14/3/2025,"Madhupur, Tangail",30?°C,Sunny,iQOO Z9 Turbo 
Bacterial (674),Bacterial Leaf Spot,14/3/2025,"Madhupur, Tangail",30?°C,Sunny,iQOO Z9 Turbo 
Bacterial (675),Bacterial Leaf Spot,14/3/2025,"Madhupur, Tangail",30?°C,Sunny,iQOO Z9 Turbo 
Bacterial (676),Bacterial Leaf Spot,14/3/2025,"Madhupur, Tangail",30?°C,Sunny,iQOO Z9 Turbo 
Bacterial (677),Bacterial Leaf Spot,14/3/2025,"Madhupur, Tangail",30?°C,Sunny,iQOO Z9 Turbo 
Bacterial (678),Bacterial Leaf Spot,14/3/2025,"Madhupur, Tangail",30?°C,Sunny,iQOO Z9 Turbo 
Bacterial (679),Bacterial Leaf Spot,14/3/2025,"Madhupur, Tangail",30?°C,Sunny,iQOO Z9 Turbo 
Bacterial (680),Bacterial Leaf Spot,14/3/2025,"Madhupur, Tangail",30?°C,Sunny,iQOO Z9 Turbo 
Bacterial (681),Bacterial Leaf Spot,14/3/2025,"Madhupur, Tangail",30?°C,Sunny,iQOO Z9 Turbo 
Bacterial (682),Bacterial Leaf Spot,14/3/2025,"Madhupur, Tangail",30?°C,Sunny,iQOO Z9 Turbo 
Bacterial (683),Bacterial Leaf Spot,14/3/2025,"Madhupur, Tangail",30?°C,Sunny,iQOO Z9 Turbo 
Bacterial (684),Bacterial Leaf Spot,14/3/2025,"Madhupur, Tangail",30?°C,Sunny,iQOO Z9 Turbo 
Bacterial (685),Bacterial Leaf Spot,14/3/2025,"Madhupur, Tangail",30?°C,Sunny,iQOO Z9 Turbo 
Bacterial (686),Bacterial Leaf Spot,14/3/2025,"Madhupur, Tangail",30?°C,Sunny,iQOO Z9 Turbo 
Bacterial (687),Bacterial Leaf Spot,14/3/2025,"Madhupur, Tangail",30?°C,Sunny,iQOO Z9 Turbo 
Bacterial (688),Bacterial Leaf Spot,14/3/2025,"Madhupur, Tangail",30?°C,Sunny,iQOO Z9 Turbo 
Bacterial (689),Bacterial Leaf Spot,14/3/2025,"Madhupur, Tangail",30?°C,Sunny,iQOO Z9 Turbo 
Bacterial (690),Bacterial Leaf Spot,14/3/2025,"Madhupur, Tangail",30?°C,Sunny,iQOO Z9 Turbo 
Bacterial (691),Bacterial Leaf Spot,14/3/2025,"Madhupur, Tangail",30?°C,Sunny,iQOO Z9 Turbo 
Bacterial (692),Bacterial Leaf Spot,14/3/2025,"Madhupur, Tangail",30?°C,Sunny,iQOO Z9 Turbo 
Bacterial (693),Bacterial Leaf Spot,14/3/2025,"Madhupur, Tangail",30?°C,Sunny,iQOO Z9 Turbo 
Bacterial (694),Bacterial Leaf Spot,14/3/2025,"Madhupur, Tangail",30?°C,Sunny,iQOO Z9 Turbo 
Bacterial (695),Bacterial Leaf Spot,14/3/2025,"Madhupur, Tangail",30?°C,Sunny,iQOO Z9 Turbo 
Bacterial (696),Bacterial Leaf Spot,14/3/2025,"Madhupur, Tangail",30?°C,Sunny,iQOO Z9 Turbo 
Bacterial (697),Bacterial Leaf Spot,14/3/2025,"Madhupur, Tangail",30?°C,Sunny,iQOO Z9 Turbo 
Bacterial (698),Bacterial Leaf Spot,14/3/2025,"Madhupur, Tangail",30?°C,Sunny,iQOO Z9 Turbo 
Bacterial (699),Bacterial Leaf Spot,14/3/2025,"Madhupur, Tangail",30?°C,Sunny,iQOO Z9 Turbo 
Bacterial (700),Bacterial Leaf Spot,14/3/2025,"Madhupur, Tangail",30?°C,Sunny,iQOO Z9 Turbo 
Bacterial (701),Bacterial Leaf Spot,14/3/2025,"Madhupur, Tangail",30?°C,Sunny,iQOO Z9 Turbo 
Bacterial (702),Bacterial Leaf Spot,14/3/2025,"Madhupur, Tangail",30?°C,Sunny,iQOO Z9 Turbo 
Bacterial (703),Bacterial Leaf Spot,14/3/2025,"Madhupur, Tangail",30?°C,Sunny,iQOO Z9 Turbo 
Bacterial (704),Bacterial Leaf Spot,14/3/2025,"Madhupur, Tangail",30?°C,Sunny,iQOO Z9 Turbo 
Bacterial (705),Bacterial Leaf Spot,14/3/2025,"Madhupur, Tangail",30?°C,Sunny,iQOO Z9 Turbo 
Bacterial (706),Bacterial Leaf Spot,14/3/2025,"Madhupur, Tangail",30?°C,Sunny,iQOO Z9 Turbo 
Bacterial (707),Bacterial Leaf Spot,14/3/2025,"Madhupur, Tangail",30?°C,Sunny,iQOO Z9 Turbo 
Bacterial (708),Bacterial Leaf Spot,14/3/2025,"Madhupur, Tangail",30?°C,Sunny,iQOO Z9 Turbo 
Bacterial (709),Bacterial Leaf Spot,14/3/2025,"Madhupur, Tangail",30?°C,Sunny,iQOO Z9 Turbo 
Bacterial (710),Bacterial Leaf Spot,14/3/2025,"Madhupur, Tangail",30?°C,Sunny,iQOO Z9 Turbo 
Bacterial (711),Bacterial Leaf Spot,14/3/2025,"Madhupur, Tangail",30?°C,Sunny,iQOO Z9 Turbo 
Bacterial (712),Bacterial Leaf Spot,14/3/2025,"Madhupur, Tangail",30?°C,Sunny,iQOO Z9 Turbo 
Bacterial (713),Bacterial Leaf Spot,14/3/2025,"Madhupur, Tangail",30?°C,Sunny,iQOO Z9 Turbo 
Bacterial (714),Bacterial Leaf Spot,14/3/2025,"Madhupur, Tangail",30?°C,Sunny,iQOO Z9 Turbo 
Bacterial (715),Bacterial Leaf Spot,14/3/2025,"Madhupur, Tangail",30?°C,Sunny,iQOO Z9 Turbo 
Bacterial (716),Bacterial Leaf Spot,14/3/2025,"Madhupur, Tangail",30?°C,Sunny,iQOO Z9 Turbo 
Bacterial (717),Bacterial Leaf Spot,14/3/2025,"Madhupur, Tangail",30?°C,Sunny,iQOO Z9 Turbo 
Bacterial (718),Bacterial Leaf Spot,14/3/2025,"Madhupur, Tangail",30?°C,Sunny,iQOO Z9 Turbo 
Bacterial (719),Bacterial Leaf Spot,14/3/2025,"Madhupur, Tangail",30?°C,Sunny,iQOO Z9 Turbo 
Bacterial (720),Bacterial Leaf Spot,14/3/2025,"Madhupur, Tangail",30?°C,Sunny,iQOO Z9 Turbo 
Bacterial (721),Bacterial Leaf Spot,14/3/2025,"Madhupur, Tangail",30?°C,Sunny,iQOO Z9 Turbo 
Bacterial (722),Bacterial Leaf Spot,14/3/2025,"Madhupur, Tangail",30?°C,Sunny,iQOO Z9 Turbo 
Bacterial (723),Bacterial Leaf Spot,14/3/2025,"Madhupur, Tangail",30?°C,Sunny,iQOO Z9 Turbo 
Bacterial (724),Bacterial Leaf Spot,14/3/2025,"Madhupur, Tangail",30?°C,Sunny,iQOO Z9 Turbo 
Bacterial (725),Bacterial Leaf Spot,14/3/2025,"Madhupur, Tangail",30?°C,Sunny,iQOO Z9 Turbo 
Bacterial (726),Bacterial Leaf Spot,14/3/2025,"Madhupur, Tangail",30?°C,Sunny,iQOO Z9 Turbo 
Bacterial (727),Bacterial Leaf Spot,14/3/2025,"Madhupur, Tangail",30?°C,Sunny,iQOO Z9 Turbo 
Bacterial (728),Bacterial Leaf Spot,31/8/2025,"Birulia, Savar",30?°C,Sunny,OnePlus 8T
Bacterial (729),Bacterial Leaf Spot,31/8/2025,"Birulia, Savar",30?°C,Sunny,OnePlus 8T
Bacterial (730),Bacterial Leaf Spot,31/8/2025,"Birulia, Savar",30?°C,Sunny,OnePlus 8T
Bacterial (731),Bacterial Leaf Spot,31/8/2025,"Birulia, Savar",30?°C,Sunny,OnePlus 8T
Bacterial (732),Bacterial Leaf Spot,31/8/2025,"Birulia, Savar",30?°C,Sunny,OnePlus 8T
Bacterial (733),Bacterial Leaf Spot,31/8/2025,"Birulia, Savar",30?°C,Sunny,OnePlus 8T
Bacterial (734),Bacterial Leaf Spot,31/8/2025,"Birulia, Savar",30?°C,Sunny,OnePlus 8T
Bacterial (735),Bacterial Leaf Spot,31/8/2025,"Birulia, Savar",30?°C,Sunny,OnePlus 8T
Bacterial (736),Bacterial Leaf Spot,31/8/2025,"Birulia, Savar",30?°C,Sunny,OnePlus 8T
Bacterial (737),Bacterial Leaf Spot,31/8/2025,"Birulia, Savar",30?°C,Sunny,OnePlus 8T
Bacterial (738),Bacterial Leaf Spot,31/8/2025,"Birulia, Savar",30?°C,Sunny,OnePlus 8T
Bacterial (739),Bacterial Leaf Spot,31/8/2025,"Birulia, Savar",30?°C,Sunny,OnePlus 8T
Bacterial (740),Bacterial Leaf Spot,31/8/2025,"Birulia, Savar",30?°C,Sunny,OnePlus 8T
Bacterial (741),Bacterial Leaf Spot,31/8/2025,"Birulia, Savar",30?°C,Sunny,OnePlus 8T
Bacterial (742),Bacterial Leaf Spot,31/8/2025,"Birulia, Savar",30?°C,Sunny,OnePlus 8T
Bacterial (743),Bacterial Leaf Spot,31/8/2025,"Birulia, Savar",30?°C,Sunny,OnePlus 8T
Bacterial (744),Bacterial Leaf Spot,31/8/2025,"Birulia, Savar",30?°C,Sunny,OnePlus 8T
Bacterial (745),Bacterial Leaf Spot,31/8/2025,"Birulia, Savar",30?°C,Sunny,OnePlus 8T
Bacterial (746),Bacterial Leaf Spot,31/8/2025,"Birulia, Savar",30?°C,Sunny,OnePlus 8T
Bacterial (747),Bacterial Leaf Spot,31/8/2025,"Birulia, Savar",30?°C,Sunny,OnePlus 8T
Bacterial (748),Bacterial Leaf Spot,31/8/2025,"Birulia, Savar",30?°C,Sunny,OnePlus 8T
Bacterial (749),Bacterial Leaf Spot,31/8/2025,"Birulia, Savar",30?°C,Sunny,OnePlus 8T
Bacterial (750),Bacterial Leaf Spot,31/8/2025,"Birulia, Savar",30?°C,Sunny,OnePlus 8T
Bacterial (751),Bacterial Leaf Spot,31/8/2025,"Birulia, Savar",30?°C,Sunny,OnePlus 8T
Bacterial (752),Bacterial Leaf Spot,31/8/2025,"Birulia, Savar",30?°C,Sunny,OnePlus 8T
Bacterial (753),Bacterial Leaf Spot,31/8/2025,"Birulia, Savar",30?°C,Sunny,OnePlus 8T
Bacterial (754),Bacterial Leaf Spot,31/8/2025,"Birulia, Savar",30?°C,Sunny,OnePlus 8T
Bacterial (755),Bacterial Leaf Spot,31/8/2025,"Birulia, Savar",30?°C,Sunny,OnePlus 8T
Bacterial (756),Bacterial Leaf Spot,31/8/2025,"Birulia, Savar",30?°C,Sunny,OnePlus 8T
Bacterial (757),Bacterial Leaf Spot,31/8/2025,"Birulia, Savar",30?°C,Sunny,OnePlus 8T
Bacterial (758),Bacterial Leaf Spot,31/8/2025,"Birulia, Savar",30?°C,Sunny,OnePlus 8T
Bacterial (759),Bacterial Leaf Spot,31/8/2025,"Birulia, Savar",30?°C,Sunny,OnePlus 8T
Bacterial (760),Bacterial Leaf Spot,31/8/2025,"Birulia, Savar",30?°C,Sunny,OnePlus 8T
Bacterial (761),Bacterial Leaf Spot,31/8/2025,"Birulia, Savar",30?°C,Sunny,OnePlus 8T
Bacterial (762),Bacterial Leaf Spot,31/8/2025,"Birulia, Savar",30?°C,Sunny,OnePlus 8T
Bacterial (763),Bacterial Leaf Spot,31/8/2025,"Birulia, Savar",30?°C,Sunny,OnePlus 8T
Bacterial (764),Bacterial Leaf Spot,31/8/2025,"Birulia, Savar",30?°C,Sunny,OnePlus 8T
Bacterial (765),Bacterial Leaf Spot,31/8/2025,"Birulia, Savar",30?°C,Sunny,OnePlus 8T
Bacterial (766),Bacterial Leaf Spot,31/8/2025,"Birulia, Savar",30?°C,Sunny,OnePlus 8T
Bacterial (767),Bacterial Leaf Spot,31/8/2025,"Birulia, Savar",30?°C,Sunny,OnePlus 8T
Bacterial (768),Bacterial Leaf Spot,31/8/2025,"Birulia, Savar",30?°C,Sunny,OnePlus 8T
Bacterial (769),Bacterial Leaf Spot,31/8/2025,"Birulia, Savar",30?°C,Sunny,OnePlus 8T
Bacterial (770),Bacterial Leaf Spot,31/8/2025,"Birulia, Savar",30?°C,Sunny,OnePlus 8T
Bacterial (771),Bacterial Leaf Spot,31/8/2025,"Birulia, Savar",30?°C,Sunny,OnePlus 8T
Bacterial (772),Bacterial Leaf Spot,31/8/2025,"Birulia, Savar",30?°C,Sunny,OnePlus 8T
Bacterial (773),Bacterial Leaf Spot,31/8/2025,"Birulia, Savar",30?°C,Sunny,OnePlus 8T
Bacterial (774),Bacterial Leaf Spot,31/8/2025,"Birulia, Savar",30?°C,Sunny,OnePlus 8T
Bacterial (775),Bacterial Leaf Spot,31/8/2025,"Birulia, Savar",30?°C,Sunny,OnePlus 8T
Bacterial (776),Bacterial Leaf Spot,31/8/2025,"Birulia, Savar",30?°C,Sunny,OnePlus 8T
Bacterial (777),Bacterial Leaf Spot,31/8/2025,"Birulia, Savar",30?°C,Sunny,OnePlus 8T
Bacterial (778),Bacterial Leaf Spot,31/8/2025,"Birulia, Savar",30?°C,Sunny,OnePlus 8T
Bacterial (779),Bacterial Leaf Spot,31/8/2025,"Birulia, Savar",30?°C,Sunny,OnePlus 8T
Bacterial (780),Bacterial Leaf Spot,31/8/2025,"Birulia, Savar",30?°C,Sunny,OnePlus 8T
Bacterial (781),Bacterial Leaf Spot,31/8/2025,"Birulia, Savar",30?°C,Sunny,OnePlus 8T
Bacterial (782),Bacterial Leaf Spot,31/8/2025,"Birulia, Savar",30?°C,Sunny,OnePlus 8T
Bacterial (783),Bacterial Leaf Spot,31/8/2025,"Birulia, Savar",30?°C,Sunny,OnePlus 8T
Bacterial (784),Bacterial Leaf Spot,31/8/2025,"Birulia, Savar",30?°C,Sunny,OnePlus 8T
Bacterial (785),Bacterial Leaf Spot,31/8/2025,"Birulia, Savar",30?°C,Sunny,OnePlus 8T
Bacterial (786),Bacterial Leaf Spot,31/8/2025,"Birulia, Savar",30?°C,Sunny,OnePlus 8T
Bacterial (787),Bacterial Leaf Spot,31/8/2025,"Birulia, Savar",30?°C,Sunny,OnePlus 8T
Bacterial (788),Bacterial Leaf Spot,31/8/2025,"Birulia, Savar",30?°C,Sunny,OnePlus 8T
Bacterial (789),Bacterial Leaf Spot,31/8/2025,"Birulia, Savar",30?°C,Sunny,OnePlus 8T
Bacterial (790),Bacterial Leaf Spot,31/8/2025,"Birulia, Savar",30?°C,Sunny,OnePlus 8T
Bacterial (791),Bacterial Leaf Spot,31/8/2025,"Birulia, Savar",30?°C,Sunny,OnePlus 8T
Bacterial (792),Bacterial Leaf Spot,31/8/2025,"Birulia, Savar",30?°C,Sunny,OnePlus 8T
Bacterial (793),Bacterial Leaf Spot,31/8/2025,"Birulia, Savar",30?°C,Sunny,OnePlus 8T
Bacterial (794),Bacterial Leaf Spot,31/8/2025,"Birulia, Savar",30?°C,Sunny,OnePlus 8T
Bacterial (795),Bacterial Leaf Spot,31/8/2025,"Birulia, Savar",30?°C,Sunny,OnePlus 8T
Bacterial (796),Bacterial Leaf Spot,31/8/2025,"Birulia, Savar",30?°C,Sunny,OnePlus 8T
Bacterial (797),Bacterial Leaf Spot,31/8/2025,"Birulia, Savar",30?°C,Sunny,OnePlus 8T
Bacterial (798),Bacterial Leaf Spot,31/8/2025,"Birulia, Savar",30?°C,Sunny,OnePlus 8T
Bacterial (799),Bacterial Leaf Spot,31/8/2025,"Birulia, Savar",30?°C,Sunny,OnePlus 8T
Bacterial (800),Bacterial Leaf Spot,31/8/2025,"Birulia, Savar",30?°C,Sunny,OnePlus 8T
Bacterial (801),Bacterial Leaf Spot,31/8/2025,"Birulia, Savar",30?°C,Sunny,OnePlus 8T
Bacterial (802),Bacterial Leaf Spot,31/8/2025,"Birulia, Savar",30?°C,Sunny,OnePlus 8T
Bacterial (803),Bacterial Leaf Spot,31/8/2025,"Birulia, Savar",30?°C,Sunny,OnePlus 8T
Bacterial (804),Bacterial Leaf Spot,31/8/2025,"Birulia, Savar",30?°C,Sunny,OnePlus 8T
Bacterial (805),Bacterial Leaf Spot,31/8/2025,"Birulia, Savar",30?°C,Sunny,OnePlus 8T
Bacterial (806),Bacterial Leaf Spot,31/8/2025,"Birulia, Savar",30?°C,Sunny,OnePlus 8T
Bacterial (807),Bacterial Leaf Spot,31/8/2025,"Birulia, Savar",30?°C,Sunny,OnePlus 8T
Bacterial (808),Bacterial Leaf Spot,31/8/2025,"Birulia, Savar",30?°C,Sunny,OnePlus 8T
Bacterial (809),Bacterial Leaf Spot,31/8/2025,"Birulia, Savar",30?°C,Sunny,OnePlus 8T
Bacterial (810),Bacterial Leaf Spot,31/8/2025,"Birulia, Savar",30?°C,Sunny,OnePlus 8T
Bacterial (811),Bacterial Leaf Spot,31/8/2025,"Birulia, Savar",30?°C,Sunny,OnePlus 8T
Bacterial (812),Bacterial Leaf Spot,31/8/2025,"Birulia, Savar",30?°C,Sunny,OnePlus 8T
Bacterial (813),Bacterial Leaf Spot,31/8/2025,"Birulia, Savar",30?°C,Sunny,OnePlus 8T
Bacterial (814),Bacterial Leaf Spot,31/8/2025,"Birulia, Savar",30?°C,Sunny,OnePlus 8T
Bacterial (815),Bacterial Leaf Spot,31/8/2025,"Birulia, Savar",30?°C,Sunny,OnePlus 8T
Bacterial (816),Bacterial Leaf Spot,31/8/2025,"Birulia, Savar",30?°C,Sunny,OnePlus 8T
Bacterial (817),Bacterial Leaf Spot,31/8/2025,"Birulia, Savar",30?°C,Sunny,OnePlus 8T
Bacterial (818),Bacterial Leaf Spot,31/8/2025,"Birulia, Savar",30?°C,Sunny,OnePlus 8T
Bacterial (819),Bacterial Leaf Spot,31/8/2025,"Birulia, Savar",30?°C,Sunny,OnePlus 8T
Bacterial (820),Bacterial Leaf Spot,31/8/2025,"Birulia, Savar",30?°C,Sunny,OnePlus 8T
Bacterial (821),Bacterial Leaf Spot,31/8/2025,"Birulia, Savar",30?°C,Sunny,OnePlus 8T
Bacterial (822),Bacterial Leaf Spot,31/8/2025,"Birulia, Savar",30?°C,Sunny,OnePlus 8T
Bacterial (823),Bacterial Leaf Spot,31/8/2025,"Birulia, Savar",30?°C,Sunny,OnePlus 8T
Bacterial (824),Bacterial Leaf Spot,31/8/2025,"Birulia, Savar",30?°C,Sunny,OnePlus 8T
Bacterial (825),Bacterial Leaf Spot,31/8/2025,"Birulia, Savar",30?°C,Sunny,OnePlus 8T
Bacterial (826),Bacterial Leaf Spot,31/8/2025,"Birulia, Savar",30?°C,Sunny,OnePlus 8T
Bacterial (827),Bacterial Leaf Spot,31/8/2025,"Birulia, Savar",30?°C,Sunny,OnePlus 8T
Bacterial (828),Bacterial Leaf Spot,31/8/2025,"Birulia, Savar",30?°C,Sunny,OnePlus 8T
Bacterial (829),Bacterial Leaf Spot,31/8/2025,"Birulia, Savar",30?°C,Sunny,OnePlus 8T
Bacterial (830),Bacterial Leaf Spot,31/8/2025,"Birulia, Savar",30?°C,Sunny,OnePlus 8T
Bacterial (831),Bacterial Leaf Spot,31/8/2025,"Birulia, Savar",30?°C,Sunny,OnePlus 8T
Bacterial (832),Bacterial Leaf Spot,31/8/2025,"Birulia, Savar",30?°C,Sunny,OnePlus 8T
Bacterial (833),Bacterial Leaf Spot,31/8/2025,"Birulia, Savar",30?°C,Sunny,OnePlus 8T
Bacterial (834),Bacterial Leaf Spot,31/8/2025,"Birulia, Savar",30?°C,Sunny,OnePlus 8T
Bacterial (835),Bacterial Leaf Spot,31/8/2025,"Birulia, Savar",30?°C,Sunny,OnePlus 8T
Bacterial (836),Bacterial Leaf Spot,31/8/2025,"Birulia, Savar",30?°C,Sunny,OnePlus 8T
Bacterial (837),Bacterial Leaf Spot,31/8/2025,"Birulia, Savar",30?°C,Sunny,OnePlus 8T
Bacterial (838),Bacterial Leaf Spot,31/8/2025,"Birulia, Savar",30?°C,Sunny,OnePlus 8T
Bacterial (839),Bacterial Leaf Spot,31/8/2025,"Birulia, Savar",30?°C,Sunny,OnePlus 8T
Bacterial (840),Bacterial Leaf Spot,31/8/2025,"Birulia, Savar",30?°C,Sunny,OnePlus 8T
Bacterial (841),Bacterial Leaf Spot,31/8/2025,"Birulia, Savar",30?°C,Sunny,OnePlus 8T
Bacterial (842),Bacterial Leaf Spot,31/8/2025,"Birulia, Savar",30?°C,Sunny,OnePlus 8T
Bacterial (843),Bacterial Leaf Spot,31/8/2025,"Birulia, Savar",30?°C,Sunny,OnePlus 8T
Bacterial (844),Bacterial Leaf Spot,31/8/2025,"Birulia, Savar",30?°C,Sunny,OnePlus 8T
Bacterial (845),Bacterial Leaf Spot,31/8/2025,"Birulia, Savar",30?°C,Sunny,OnePlus 8T
Bacterial (846),Bacterial Leaf Spot,31/8/2025,"Birulia, Savar",30?°C,Sunny,OnePlus 8T
Bacterial (847),Bacterial Leaf Spot,31/8/2025,"Birulia, Savar",30?°C,Sunny,OnePlus 8T
Bacterial (848),Bacterial Leaf Spot,31/8/2025,"Birulia, Savar",30?°C,Sunny,OnePlus 8T
Bacterial (849),Bacterial Leaf Spot,31/8/2025,"Birulia, Savar",30?°C,Sunny,OnePlus 8T
Bacterial (850),Bacterial Leaf Spot,31/8/2025,"Birulia, Savar",30?°C,Sunny,OnePlus 8T
Bacterial (851),Bacterial Leaf Spot,31/8/2025,"Birulia, Savar",30?°C,Sunny,OnePlus 8T
Bacterial (852),Bacterial Leaf Spot,31/8/2025,"Birulia, Savar",30?°C,Sunny,OnePlus 8T
Bacterial (853),Bacterial Leaf Spot,31/8/2025,"Birulia, Savar",30?°C,Sunny,OnePlus 8T
Bacterial (854),Bacterial Leaf Spot,31/8/2025,"Birulia, Savar",30?°C,Sunny,OnePlus 8T
Bacterial (855),Bacterial Leaf Spot,31/8/2025,"Birulia, Savar",30?°C,Sunny,OnePlus 8T
Bacterial (856),Bacterial Leaf Spot,31/8/2025,"Birulia, Savar",30?°C,Sunny,OnePlus 8T
Bacterial (857),Bacterial Leaf Spot,31/8/2025,"Birulia, Savar",30?°C,Sunny,OnePlus 8T
Cercospora (1),Cercospora Leaf Spot,18/4/2025,"Madhupur, Tangail",26?°C,Partly Cloudy,iQOO Z9 Turbo 
Cercospora (2),Cercospora Leaf Spot,18/4/2025,"Madhupur, Tangail",26?°C,Partly Cloudy,iQOO Z9 Turbo 
Cercospora (3),Cercospora Leaf Spot,18/4/2025,"Madhupur, Tangail",26?°C,Partly Cloudy,iQOO Z9 Turbo 
Cercospora (4),Cercospora Leaf Spot,18/4/2025,"Madhupur, Tangail",26?°C,Partly Cloudy,iQOO Z9 Turbo 
Cercospora (5),Cercospora Leaf Spot,18/4/2025,"Madhupur, Tangail",26?°C,Partly Cloudy,iQOO Z9 Turbo 
Cercospora (6),Cercospora Leaf Spot,18/4/2025,"Madhupur, Tangail",26?°C,Partly Cloudy,iQOO Z9 Turbo 
Cercospora (7),Cercospora Leaf Spot,18/4/2025,"Madhupur, Tangail",26?°C,Partly Cloudy,iQOO Z9 Turbo 
Cercospora (8),Cercospora Leaf Spot,18/4/2025,"Madhupur, Tangail",26?°C,Partly Cloudy,iQOO Z9 Turbo 
Cercospora (9),Cercospora Leaf Spot,18/4/2025,"Madhupur, Tangail",26?°C,Partly Cloudy,iQOO Z9 Turbo 
Cercospora (10),Cercospora Leaf Spot,18/4/2025,"Madhupur, Tangail",26?°C,Partly Cloudy,iQOO Z9 Turbo 
Cercospora (11),Cercospora Leaf Spot,18/4/2025,"Madhupur, Tangail",26?°C,Partly Cloudy,iQOO Z9 Turbo 
Cercospora (12),Cercospora Leaf Spot,18/4/2025,"Madhupur, Tangail",26?°C,Partly Cloudy,iQOO Z9 Turbo 
Cercospora (13),Cercospora Leaf Spot,18/4/2025,"Madhupur, Tangail",26?°C,Partly Cloudy,iQOO Z9 Turbo 
Cercospora (14),Cercospora Leaf Spot,18/4/2025,"Madhupur, Tangail",26?°C,Partly Cloudy,iQOO Z9 Turbo 
Cercospora (15),Cercospora Leaf Spot,18/4/2025,"Madhupur, Tangail",26?°C,Partly Cloudy,iQOO Z9 Turbo 
Cercospora (16),Cercospora Leaf Spot,18/4/2025,"Madhupur, Tangail",26?°C,Partly Cloudy,iQOO Z9 Turbo 
Cercospora (17),Cercospora Leaf Spot,18/4/2025,"Madhupur, Tangail",26?°C,Partly Cloudy,iQOO Z9 Turbo 
Cercospora (18),Cercospora Leaf Spot,18/4/2025,"Madhupur, Tangail",26?°C,Partly Cloudy,iQOO Z9 Turbo 
Cercospora (19),Cercospora Leaf Spot,18/4/2025,"Madhupur, Tangail",26?°C,Partly Cloudy,iQOO Z9 Turbo 
Cercospora (20),Cercospora Leaf Spot,18/4/2025,"Madhupur, Tangail",26?°C,Partly Cloudy,iQOO Z9 Turbo 
Cercospora (21),Cercospora Leaf Spot,18/4/2025,"Madhupur, Tangail",26?°C,Partly Cloudy,iQOO Z9 Turbo 
Cercospora (22),Cercospora Leaf Spot,18/4/2025,"Madhupur, Tangail",26?°C,Partly Cloudy,iQOO Z9 Turbo 
Cercospora (23),Cercospora Leaf Spot,18/4/2025,"Madhupur, Tangail",26?°C,Partly Cloudy,iQOO Z9 Turbo 
Cercospora (24),Cercospora Leaf Spot,18/4/2025,"Madhupur, Tangail",26?°C,Partly Cloudy,iQOO Z9 Turbo 
Cercospora (25),Cercospora Leaf Spot,18/4/2025,"Madhupur, Tangail",26?°C,Partly Cloudy,iQOO Z9 Turbo 
Cercospora (26),Cercospora Leaf Spot,18/4/2025,"Madhupur, Tangail",26?°C,Partly Cloudy,iQOO Z9 Turbo 
Cercospora (27),Cercospora Leaf Spot,18/4/2025,"Madhupur, Tangail",26?°C,Partly Cloudy,iQOO Z9 Turbo 
Cercospora (28),Cercospora Leaf Spot,18/4/2025,"Madhupur, Tangail",26?°C,Partly Cloudy,iQOO Z9 Turbo 
Cercospora (29),Cercospora Leaf Spot,18/4/2025,"Madhupur, Tangail",26?°C,Partly Cloudy,iQOO Z9 Turbo 
Cercospora (30),Cercospora Leaf Spot,18/4/2025,"Madhupur, Tangail",26?°C,Partly Cloudy,iQOO Z9 Turbo 
Cercospora (31),Cercospora Leaf Spot,18/4/2025,"Madhupur, Tangail",26?°C,Partly Cloudy,iQOO Z9 Turbo 
Cercospora (32),Cercospora Leaf Spot,18/4/2025,"Madhupur, Tangail",26?°C,Partly Cloudy,iQOO Z9 Turbo 
Cercospora (33),Cercospora Leaf Spot,18/4/2025,"Madhupur, Tangail",26?°C,Partly Cloudy,iQOO Z9 Turbo 
Cercospora (34),Cercospora Leaf Spot,18/4/2025,"Madhupur, Tangail",26?°C,Partly Cloudy,iQOO Z9 Turbo 
Cercospora (35),Cercospora Leaf Spot,18/4/2025,"Madhupur, Tangail",26?°C,Partly Cloudy,iQOO Z9 Turbo 
Cercospora (36),Cercospora Leaf Spot,18/4/2025,"Madhupur, Tangail",26?°C,Partly Cloudy,iQOO Z9 Turbo 
Cercospora (37),Cercospora Leaf Spot,18/4/2025,"Madhupur, Tangail",26?°C,Partly Cloudy,iQOO Z9 Turbo 
Cercospora (38),Cercospora Leaf Spot,18/4/2025,"Madhupur, Tangail",26?°C,Partly Cloudy,iQOO Z9 Turbo 
Cercospora (39),Cercospora Leaf Spot,18/4/2025,"Madhupur, Tangail",26?°C,Partly Cloudy,iQOO Z9 Turbo 
Cercospora (40),Cercospora Leaf Spot,18/4/2025,"Madhupur, Tangail",26?°C,Partly Cloudy,iQOO Z9 Turbo 
Cercospora (41),Cercospora Leaf Spot,18/4/2025,"Madhupur, Tangail",26?°C,Partly Cloudy,iQOO Z9 Turbo 
Cercospora (42),Cercospora Leaf Spot,18/4/2025,"Madhupur, Tangail",26?°C,Partly Cloudy,iQOO Z9 Turbo 
Cercospora (43),Cercospora Leaf Spot,18/4/2025,"Madhupur, Tangail",26?°C,Partly Cloudy,iQOO Z9 Turbo 
Cercospora (44),Cercospora Leaf Spot,18/4/2025,"Madhupur, Tangail",26?°C,Partly Cloudy,iQOO Z9 Turbo 
Cercospora (45),Cercospora Leaf Spot,18/4/2025,"Madhupur, Tangail",26?°C,Partly Cloudy,iQOO Z9 Turbo 
Cercospora (46),Cercospora Leaf Spot,18/4/2025,"Madhupur, Tangail",26?°C,Partly Cloudy,iQOO Z9 Turbo 
Cercospora (47),Cercospora Leaf Spot,18/4/2025,"Madhupur, Tangail",26?°C,Partly Cloudy,iQOO Z9 Turbo 
Cercospora (48),Cercospora Leaf Spot,18/4/2025,"Madhupur, Tangail",26?°C,Partly Cloudy,iQOO Z9 Turbo 
Cercospora (49),Cercospora Leaf Spot,18/4/2025,"Madhupur, Tangail",26?°C,Partly Cloudy,iQOO Z9 Turbo 
Cercospora (50),Cercospora Leaf Spot,18/4/2025,"Madhupur, Tangail",26?°C,Partly Cloudy,iQOO Z9 Turbo 
Cercospora (51),Cercospora Leaf Spot,18/4/2025,"Madhupur, Tangail",26?°C,Partly Cloudy,iQOO Z9 Turbo 
Cercospora (52),Cercospora Leaf Spot,18/4/2025,"Madhupur, Tangail",26?°C,Partly Cloudy,iQOO Z9 Turbo 
Cercospora (53),Cercospora Leaf Spot,18/4/2025,"Madhupur, Tangail",26?°C,Partly Cloudy,iQOO Z9 Turbo 
Cercospora (54),Cercospora Leaf Spot,18/4/2025,"Madhupur, Tangail",26?°C,Partly Cloudy,iQOO Z9 Turbo 
Cercospora (55),Cercospora Leaf Spot,18/4/2025,"Madhupur, Tangail",26?°C,Partly Cloudy,iQOO Z9 Turbo 
Cercospora (56),Cercospora Leaf Spot,18/4/2025,"Madhupur, Tangail",26?°C,Partly Cloudy,iQOO Z9 Turbo 
Cercospora (57),Cercospora Leaf Spot,18/4/2025,"Madhupur, Tangail",26?°C,Partly Cloudy,iQOO Z9 Turbo 
Cercospora (58),Cercospora Leaf Spot,18/4/2025,"Madhupur, Tangail",26?°C,Partly Cloudy,iQOO Z9 Turbo 
Cercospora (59),Cercospora Leaf Spot,18/4/2025,"Madhupur, Tangail",26?°C,Partly Cloudy,iQOO Z9 Turbo 
Cercospora (60),Cercospora Leaf Spot,18/4/2025,"Madhupur, Tangail",26?°C,Partly Cloudy,iQOO Z9 Turbo 
Cercospora (61),Cercospora Leaf Spot,18/4/2025,"Madhupur, Tangail",26?°C,Partly Cloudy,iQOO Z9 Turbo 
Cercospora (62),Cercospora Leaf Spot,18/4/2025,"Madhupur, Tangail",26?°C,Partly Cloudy,iQOO Z9 Turbo 
Cercospora (63),Cercospora Leaf Spot,18/4/2025,"Madhupur, Tangail",26?°C,Partly Cloudy,iQOO Z9 Turbo 
Cercospora (64),Cercospora Leaf Spot,18/4/2025,"Madhupur, Tangail",26?°C,Partly Cloudy,iQOO Z9 Turbo 
Cercospora (65),Cercospora Leaf Spot,18/4/2025,"Madhupur, Tangail",26?°C,Partly Cloudy,iQOO Z9 Turbo 
Cercospora (66),Cercospora Leaf Spot,18/4/2025,"Madhupur, Tangail",26?°C,Partly Cloudy,iQOO Z9 Turbo 
Cercospora (67),Cercospora Leaf Spot,18/4/2025,"Madhupur, Tangail",26?°C,Partly Cloudy,iQOO Z9 Turbo 
Cercospora (68),Cercospora Leaf Spot,18/4/2025,"Madhupur, Tangail",26?°C,Partly Cloudy,iQOO Z9 Turbo 
Cercospora (69),Cercospora Leaf Spot,18/4/2025,"Madhupur, Tangail",26?°C,Partly Cloudy,iQOO Z9 Turbo 
Cercospora (70),Cercospora Leaf Spot,18/4/2025,"Madhupur, Tangail",26?°C,Partly Cloudy,iQOO Z9 Turbo 
Cercospora (71),Cercospora Leaf Spot,18/4/2025,"Madhupur, Tangail",26?°C,Partly Cloudy,iQOO Z9 Turbo 
Cercospora (72),Cercospora Leaf Spot,18/4/2025,"Madhupur, Tangail",26?°C,Partly Cloudy,iQOO Z9 Turbo 
Cercospora (73),Cercospora Leaf Spot,18/4/2025,"Madhupur, Tangail",26?°C,Partly Cloudy,iQOO Z9 Turbo 
Cercospora (74),Cercospora Leaf Spot,18/4/2025,"Madhupur, Tangail",26?°C,Partly Cloudy,iQOO Z9 Turbo 
Cercospora (75),Cercospora Leaf Spot,18/4/2025,"Madhupur, Tangail",26?°C,Partly Cloudy,iQOO Z9 Turbo 
Cercospora (76),Cercospora Leaf Spot,18/4/2025,"Madhupur, Tangail",26?°C,Partly Cloudy,iQOO Z9 Turbo 
Cercospora (77),Cercospora Leaf Spot,18/4/2025,"Madhupur, Tangail",26?°C,Partly Cloudy,iQOO Z9 Turbo 
Cercospora (78),Cercospora Leaf Spot,18/4/2025,"Madhupur, Tangail",26?°C,Partly Cloudy,iQOO Z9 Turbo 
Cercospora (79),Cercospora Leaf Spot,18/4/2025,"Madhupur, Tangail",26?°C,Partly Cloudy,iQOO Z9 Turbo 
Cercospora (80),Cercospora Leaf Spot,18/4/2025,"Madhupur, Tangail",26?°C,Partly Cloudy,iQOO Z9 Turbo 
Cercospora (81),Cercospora Leaf Spot,18/4/2025,"Madhupur, Tangail",26?°C,Partly Cloudy,iQOO Z9 Turbo 
Cercospora (82),Cercospora Leaf Spot,18/4/2025,"Madhupur, Tangail",26?°C,Partly Cloudy,iQOO Z9 Turbo 
Cercospora (83),Cercospora Leaf Spot,18/4/2025,"Madhupur, Tangail",26?°C,Partly Cloudy,iQOO Z9 Turbo 
Cercospora (84),Cercospora Leaf Spot,18/4/2025,"Madhupur, Tangail",26?°C,Partly Cloudy,iQOO Z9 Turbo 
Cercospora (85),Cercospora Leaf Spot,18/4/2025,"Madhupur, Tangail",26?°C,Partly Cloudy,iQOO Z9 Turbo 
Cercospora (86),Cercospora Leaf Spot,18/4/2025,"Madhupur, Tangail",26?°C,Partly Cloudy,iQOO Z9 Turbo 
Cercospora (87),Cercospora Leaf Spot,18/4/2025,"Madhupur, Tangail",26?°C,Partly Cloudy,iQOO Z9 Turbo 
Cercospora (88),Cercospora Leaf Spot,18/4/2025,"Madhupur, Tangail",26?°C,Partly Cloudy,iQOO Z9 Turbo 
Cercospora (89),Cercospora Leaf Spot,18/4/2025,"Madhupur, Tangail",26?°C,Partly Cloudy,iQOO Z9 Turbo 
Cercospora (90),Cercospora Leaf Spot,18/4/2025,"Madhupur, Tangail",26?°C,Partly Cloudy,iQOO Z9 Turbo 
Cercospora (91),Cercospora Leaf Spot,18/4/2025,"Madhupur, Tangail",26?°C,Partly Cloudy,iQOO Z9 Turbo 
Cercospora (92),Cercospora Leaf Spot,18/4/2025,"Madhupur, Tangail",26?°C,Partly Cloudy,iQOO Z9 Turbo 
Cercospora (93),Cercospora Leaf Spot,18/4/2025,"Madhupur, Tangail",26?°C,Partly Cloudy,iQOO Z9 Turbo 
Cercospora (94),Cercospora Leaf Spot,18/4/2025,"Madhupur, Tangail",26?°C,Partly Cloudy,iQOO Z9 Turbo 
Cercospora (95),Cercospora Leaf Spot,18/4/2025,"Madhupur, Tangail",26?°C,Partly Cloudy,iQOO Z9 Turbo 
Cercospora (96),Cercospora Leaf Spot,18/4/2025,"Madhupur, Tangail",26?°C,Partly Cloudy,iQOO Z9 Turbo 
Cercospora (97),Cercospora Leaf Spot,18/4/2025,"Madhupur, Tangail",26?°C,Partly Cloudy,iQOO Z9 Turbo 
Cercospora (98),Cercospora Leaf Spot,18/4/2025,"Madhupur, Tangail",26?°C,Partly Cloudy,iQOO Z9 Turbo 
Cercospora (99),Cercospora Leaf Spot,18/4/2025,"Madhupur, Tangail",26?°C,Partly Cloudy,iQOO Z9 Turbo 
Cercospora (100),Cercospora Leaf Spot,18/4/2025,"Madhupur, Tangail",26?°C,Partly Cloudy,iQOO Z9 Turbo 
Cercospora (101),Cercospora Leaf Spot,18/4/2025,"Madhupur, Tangail",26?°C,Partly Cloudy,iQOO Z9 Turbo 
Cercospora (102),Cercospora Leaf Spot,18/4/2025,"Madhupur, Tangail",26?°C,Partly Cloudy,iQOO Z9 Turbo 
Cercospora (103),Cercospora Leaf Spot,18/4/2025,"Madhupur, Tangail",26?°C,Partly Cloudy,iQOO Z9 Turbo 
Cercospora (104),Cercospora Leaf Spot,18/4/2025,"Madhupur, Tangail",26?°C,Partly Cloudy,iQOO Z9 Turbo 
Cercospora (105),Cercospora Leaf Spot,18/4/2025,"Madhupur, Tangail",26?°C,Partly Cloudy,iQOO Z9 Turbo 
Cercospora (106),Cercospora Leaf Spot,18/4/2025,"Madhupur, Tangail",26?°C,Partly Cloudy,iQOO Z9 Turbo 
Cercospora (107),Cercospora Leaf Spot,18/4/2025,"Madhupur, Tangail",26?°C,Partly Cloudy,iQOO Z9 Turbo 
Cercospora (108),Cercospora Leaf Spot,18/4/2025,"Madhupur, Tangail",26?°C,Partly Cloudy,iQOO Z9 Turbo 
Cercospora (109),Cercospora Leaf Spot,18/4/2025,"Madhupur, Tangail",26?°C,Partly Cloudy,iQOO Z9 Turbo 
Cercospora (110),Cercospora Leaf Spot,18/4/2025,"Madhupur, Tangail",26?°C,Partly Cloudy,iQOO Z9 Turbo 
Cercospora (111),Cercospora Leaf Spot,18/4/2025,"Madhupur, Tangail",26?°C,Partly Cloudy,iQOO Z9 Turbo 
Cercospora (112),Cercospora Leaf Spot,18/4/2025,"Madhupur, Tangail",26?°C,Partly Cloudy,iQOO Z9 Turbo 
Cercospora (113),Cercospora Leaf Spot,18/4/2025,"Madhupur, Tangail",26?°C,Partly Cloudy,iQOO Z9 Turbo 
Cercospora (114),Cercospora Leaf Spot,18/4/2025,"Madhupur, Tangail",26?°C,Partly Cloudy,iQOO Z9 Turbo 
Cercospora (115),Cercospora Leaf Spot,18/4/2025,"Madhupur, Tangail",26?°C,Partly Cloudy,iQOO Z9 Turbo 
Cercospora (116),Cercospora Leaf Spot,18/4/2025,"Madhupur, Tangail",26?°C,Partly Cloudy,iQOO Z9 Turbo 
Cercospora (117),Cercospora Leaf Spot,18/4/2025,"Madhupur, Tangail",26?°C,Partly Cloudy,iQOO Z9 Turbo 
Cercospora (118),Cercospora Leaf Spot,18/4/2025,"Madhupur, Tangail",26?°C,Partly Cloudy,iQOO Z9 Turbo 
Cercospora (119),Cercospora Leaf Spot,18/4/2025,"Madhupur, Tangail",26?°C,Partly Cloudy,iQOO Z9 Turbo 
Cercospora (120),Cercospora Leaf Spot,18/4/2025,"Madhupur, Tangail",26?°C,Partly Cloudy,iQOO Z9 Turbo 
Cercospora (121),Cercospora Leaf Spot,18/4/2025,"Madhupur, Tangail",26?°C,Partly Cloudy,iQOO Z9 Turbo 
Cercospora (122),Cercospora Leaf Spot,18/4/2025,"Madhupur, Tangail",26?°C,Partly Cloudy,iQOO Z9 Turbo 
Cercospora (123),Cercospora Leaf Spot,18/4/2025,"Madhupur, Tangail",26?°C,Partly Cloudy,iQOO Z9 Turbo 
Cercospora (124),Cercospora Leaf Spot,18/4/2025,"Madhupur, Tangail",26?°C,Partly Cloudy,iQOO Z9 Turbo 
Cercospora (125),Cercospora Leaf Spot,18/4/2025,"Madhupur, Tangail",26?°C,Partly Cloudy,iQOO Z9 Turbo 
Cercospora (126),Cercospora Leaf Spot,18/4/2025,"Madhupur, Tangail",26?°C,Partly Cloudy,iQOO Z9 Turbo 
Cercospora (127),Cercospora Leaf Spot,18/4/2025,"Madhupur, Tangail",26?°C,Partly Cloudy,iQOO Z9 Turbo 
Cercospora (128),Cercospora Leaf Spot,18/4/2025,"Madhupur, Tangail",26?°C,Partly Cloudy,iQOO Z9 Turbo 
Cercospora (129),Cercospora Leaf Spot,18/4/2025,"Madhupur, Tangail",26?°C,Partly Cloudy,iQOO Z9 Turbo 
Cercospora (130),Cercospora Leaf Spot,18/4/2025,"Madhupur, Tangail",26?°C,Partly Cloudy,iQOO Z9 Turbo 
Cercospora (131),Cercospora Leaf Spot,18/4/2025,"Madhupur, Tangail",26?°C,Partly Cloudy,iQOO Z9 Turbo 
Cercospora (132),Cercospora Leaf Spot,18/4/2025,"Madhupur, Tangail",26?°C,Partly Cloudy,iQOO Z9 Turbo 
Cercospora (133),Cercospora Leaf Spot,18/4/2025,"Madhupur, Tangail",26?°C,Partly Cloudy,iQOO Z9 Turbo 
Cercospora (134),Cercospora Leaf Spot,18/4/2025,"Madhupur, Tangail",26?°C,Partly Cloudy,iQOO Z9 Turbo 
Cercospora (135),Cercospora Leaf Spot,18/4/2025,"Madhupur, Tangail",26?°C,Partly Cloudy,iQOO Z9 Turbo 
Cercospora (136),Cercospora Leaf Spot,18/4/2025,"Madhupur, Tangail",26?°C,Partly Cloudy,iQOO Z9 Turbo 
Cercospora (137),Cercospora Leaf Spot,18/4/2025,"Madhupur, Tangail",26?°C,Partly Cloudy,iQOO Z9 Turbo 
Cercospora (138),Cercospora Leaf Spot,18/4/2025,"Madhupur, Tangail",26?°C,Partly Cloudy,iQOO Z9 Turbo 
Cercospora (139),Cercospora Leaf Spot,18/4/2025,"Madhupur, Tangail",26?°C,Partly Cloudy,iQOO Z9 Turbo 
Cercospora (140),Cercospora Leaf Spot,18/4/2025,"Madhupur, Tangail",26?°C,Partly Cloudy,iQOO Z9 Turbo 
Cercospora (141),Cercospora Leaf Spot,18/4/2025,"Madhupur, Tangail",26?°C,Partly Cloudy,iQOO Z9 Turbo 
Cercospora (142),Cercospora Leaf Spot,18/4/2025,"Madhupur, Tangail",26?°C,Partly Cloudy,iQOO Z9 Turbo 
Cercospora (143),Cercospora Leaf Spot,18/4/2025,"Madhupur, Tangail",26?°C,Partly Cloudy,iQOO Z9 Turbo 
Cercospora (144),Cercospora Leaf Spot,18/4/2025,"Madhupur, Tangail",26?°C,Partly Cloudy,iQOO Z9 Turbo 
Cercospora (145),Cercospora Leaf Spot,18/4/2025,"Madhupur, Tangail",26?°C,Partly Cloudy,iQOO Z9 Turbo 
Cercospora (146),Cercospora Leaf Spot,18/4/2025,"Madhupur, Tangail",26?°C,Partly Cloudy,iQOO Z9 Turbo 
Cercospora (147),Cercospora Leaf Spot,18/4/2025,"Madhupur, Tangail",26?°C,Partly Cloudy,iQOO Z9 Turbo 
Cercospora (148),Cercospora Leaf Spot,18/4/2025,"Madhupur, Tangail",26?°C,Partly Cloudy,iQOO Z9 Turbo 
Cercospora (149),Cercospora Leaf Spot,18/4/2025,"Madhupur, Tangail",26?°C,Partly Cloudy,iQOO Z9 Turbo 
Cercospora (150),Cercospora Leaf Spot,18/4/2025,"Madhupur, Tangail",26?°C,Partly Cloudy,iQOO Z9 Turbo 
Cercospora (151),Cercospora Leaf Spot,18/4/2025,"Madhupur, Tangail",26?°C,Partly Cloudy,iQOO Z9 Turbo 
Cercospora (152),Cercospora Leaf Spot,18/4/2025,"Madhupur, Tangail",26?°C,Partly Cloudy,iQOO Z9 Turbo 
Cercospora (153),Cercospora Leaf Spot,18/4/2025,"Madhupur, Tangail",26?°C,Partly Cloudy,iQOO Z9 Turbo 
Cercospora (154),Cercospora Leaf Spot,18/4/2025,"Madhupur, Tangail",26?°C,Partly Cloudy,iQOO Z9 Turbo 
Cercospora (155),Cercospora Leaf Spot,18/4/2025,"Madhupur, Tangail",26?°C,Partly Cloudy,iQOO Z9 Turbo 
Cercospora (156),Cercospora Leaf Spot,18/4/2025,"Madhupur, Tangail",26?°C,Partly Cloudy,iQOO Z9 Turbo 
Cercospora (157),Cercospora Leaf Spot,18/4/2025,"Madhupur, Tangail",26?°C,Partly Cloudy,iQOO Z9 Turbo 
Cercospora (158),Cercospora Leaf Spot,18/4/2025,"Madhupur, Tangail",26?°C,Partly Cloudy,iQOO Z9 Turbo 
Cercospora (159),Cercospora Leaf Spot,18/4/2025,"Madhupur, Tangail",26?°C,Partly Cloudy,iQOO Z9 Turbo 
Cercospora (160),Cercospora Leaf Spot,18/4/2025,"Madhupur, Tangail",26?°C,Partly Cloudy,iQOO Z9 Turbo 
Cercospora (161),Cercospora Leaf Spot,18/4/2025,"Madhupur, Tangail",26?°C,Partly Cloudy,iQOO Z9 Turbo 
Cercospora (162),Cercospora Leaf Spot,18/4/2025,"Madhupur, Tangail",26?°C,Partly Cloudy,iQOO Z9 Turbo 
Cercospora (163),Cercospora Leaf Spot,18/4/2025,"Madhupur, Tangail",26?°C,Partly Cloudy,iQOO Z9 Turbo 
Cercospora (164),Cercospora Leaf Spot,18/4/2025,"Madhupur, Tangail",26?°C,Partly Cloudy,iQOO Z9 Turbo 
Cercospora (165),Cercospora Leaf Spot,18/4/2025,"Madhupur, Tangail",26?°C,Partly Cloudy,iQOO Z9 Turbo 
Cercospora (166),Cercospora Leaf Spot,18/4/2025,"Madhupur, Tangail",26?°C,Partly Cloudy,iQOO Z9 Turbo 
Cercospora (167),Cercospora Leaf Spot,18/4/2025,"Madhupur, Tangail",26?°C,Partly Cloudy,iQOO Z9 Turbo 
Cercospora (168),Cercospora Leaf Spot,18/4/2025,"Madhupur, Tangail",26?°C,Partly Cloudy,iQOO Z9 Turbo 
Cercospora (169),Cercospora Leaf Spot,18/4/2025,"Madhupur, Tangail",26?°C,Partly Cloudy,iQOO Z9 Turbo 
Cercospora (170),Cercospora Leaf Spot,18/4/2025,"Madhupur, Tangail",26?°C,Partly Cloudy,iQOO Z9 Turbo 
Cercospora (171),Cercospora Leaf Spot,18/4/2025,"Madhupur, Tangail",26?°C,Partly Cloudy,iQOO Z9 Turbo 
Cercospora (172),Cercospora Leaf Spot,18/4/2025,"Madhupur, Tangail",26?°C,Partly Cloudy,iQOO Z9 Turbo 
Cercospora (173),Cercospora Leaf Spot,18/4/2025,"Madhupur, Tangail",26?°C,Partly Cloudy,iQOO Z9 Turbo 
Cercospora (174),Cercospora Leaf Spot,18/4/2025,"Madhupur, Tangail",26?°C,Partly Cloudy,iQOO Z9 Turbo 
Cercospora (175),Cercospora Leaf Spot,18/4/2025,"Madhupur, Tangail",26?°C,Partly Cloudy,iQOO Z9 Turbo 
Cercospora (176),Cercospora Leaf Spot,18/4/2025,"Madhupur, Tangail",26?°C,Partly Cloudy,iQOO Z9 Turbo 
Cercospora (177),Cercospora Leaf Spot,18/4/2025,"Madhupur, Tangail",26?°C,Partly Cloudy,iQOO Z9 Turbo 
Cercospora (178),Cercospora Leaf Spot,18/4/2025,"Madhupur, Tangail",26?°C,Partly Cloudy,iQOO Z9 Turbo 
Cercospora (179),Cercospora Leaf Spot,18/4/2025,"Madhupur, Tangail",26?°C,Partly Cloudy,iQOO Z9 Turbo 
Cercospora (180),Cercospora Leaf Spot,18/4/2025,"Madhupur, Tangail",26?°C,Partly Cloudy,iQOO Z9 Turbo 
Cercospora (181),Cercospora Leaf Spot,18/4/2025,"Madhupur, Tangail",26?°C,Partly Cloudy,iQOO Z9 Turbo 
Cercospora (182),Cercospora Leaf Spot,18/4/2025,"Madhupur, Tangail",26?°C,Partly Cloudy,iQOO Z9 Turbo 
Cercospora (183),Cercospora Leaf Spot,18/4/2025,"Madhupur, Tangail",26?°C,Partly Cloudy,iQOO Z9 Turbo 
Cercospora (184),Cercospora Leaf Spot,18/4/2025,"Madhupur, Tangail",26?°C,Partly Cloudy,iQOO Z9 Turbo 
Cercospora (185),Cercospora Leaf Spot,18/4/2025,"Madhupur, Tangail",26?°C,Partly Cloudy,iQOO Z9 Turbo 
Cercospora (186),Cercospora Leaf Spot,18/4/2025,"Madhupur, Tangail",26?°C,Partly Cloudy,iQOO Z9 Turbo 
Cercospora (187),Cercospora Leaf Spot,18/4/2025,"Madhupur, Tangail",26?°C,Partly Cloudy,iQOO Z9 Turbo 
Cercospora (188),Cercospora Leaf Spot,18/4/2025,"Madhupur, Tangail",26?°C,Partly Cloudy,iQOO Z9 Turbo 
Cercospora (189),Cercospora Leaf Spot,18/4/2025,"Madhupur, Tangail",26?°C,Partly Cloudy,iQOO Z9 Turbo 
Cercospora (190),Cercospora Leaf Spot,18/4/2025,"Madhupur, Tangail",26?°C,Partly Cloudy,iQOO Z9 Turbo 
Cercospora (191),Cercospora Leaf Spot,18/4/2025,"Madhupur, Tangail",26?°C,Partly Cloudy,iQOO Z9 Turbo 
Cercospora (192),Cercospora Leaf Spot,18/4/2025,"Madhupur, Tangail",26?°C,Partly Cloudy,iQOO Z9 Turbo 
Cercospora (193),Cercospora Leaf Spot,18/4/2025,"Madhupur, Tangail",26?°C,Partly Cloudy,iQOO Z9 Turbo 
Cercospora (194),Cercospora Leaf Spot,18/4/2025,"Madhupur, Tangail",26?°C,Partly Cloudy,iQOO Z9 Turbo 
Cercospora (195),Cercospora Leaf Spot,18/4/2025,"Madhupur, Tangail",26?°C,Partly Cloudy,iQOO Z9 Turbo 
Cercospora (196),Cercospora Leaf Spot,18/4/2025,"Madhupur, Tangail",26?°C,Partly Cloudy,iQOO Z9 Turbo 
Cercospora (197),Cercospora Leaf Spot,18/4/2025,"Madhupur, Tangail",26?°C,Partly Cloudy,iQOO Z9 Turbo 
Cercospora (198),Cercospora Leaf Spot,18/4/2025,"Madhupur, Tangail",26?°C,Partly Cloudy,iQOO Z9 Turbo 
Cercospora (199),Cercospora Leaf Spot,18/4/2025,"Madhupur, Tangail",26?°C,Partly Cloudy,iQOO Z9 Turbo 
Cercospora (200),Cercospora Leaf Spot,18/4/2025,"Madhupur, Tangail",26?°C,Partly Cloudy,iQOO Z9 Turbo 
Cercospora (201),Cercospora Leaf Spot,18/4/2025,"Madhupur, Tangail",26?°C,Partly Cloudy,iQOO Z9 Turbo 
Cercospora (202),Cercospora Leaf Spot,18/4/2025,"Madhupur, Tangail",26?°C,Partly Cloudy,iQOO Z9 Turbo 
Cercospora (203),Cercospora Leaf Spot,18/4/2025,"Madhupur, Tangail",26?°C,Partly Cloudy,iQOO Z9 Turbo 
Cercospora (204),Cercospora Leaf Spot,18/4/2025,"Madhupur, Tangail",26?°C,Partly Cloudy,iQOO Z9 Turbo 
Cercospora (205),Cercospora Leaf Spot,18/4/2025,"Madhupur, Tangail",26?°C,Partly Cloudy,iQOO Z9 Turbo 
Cercospora (206),Cercospora Leaf Spot,18/4/2025,"Madhupur, Tangail",26?°C,Partly Cloudy,iQOO Z9 Turbo 
Cercospora (207),Cercospora Leaf Spot,18/4/2025,"Madhupur, Tangail",26?°C,Partly Cloudy,iQOO Z9 Turbo 
Cercospora (208),Cercospora Leaf Spot,18/4/2025,"Madhupur, Tangail",26?°C,Partly Cloudy,iQOO Z9 Turbo 
Cercospora (209),Cercospora Leaf Spot,18/4/2025,"Madhupur, Tangail",26?°C,Partly Cloudy,iQOO Z9 Turbo 
Cercospora (210),Cercospora Leaf Spot,18/4/2025,"Madhupur, Tangail",26?°C,Partly Cloudy,iQOO Z9 Turbo 
Cercospora (211),Cercospora Leaf Spot,18/4/2025,"Madhupur, Tangail",26?°C,Partly Cloudy,iQOO Z9 Turbo 
Cercospora (212),Cercospora Leaf Spot,18/4/2025,"Madhupur, Tangail",26?°C,Partly Cloudy,iQOO Z9 Turbo 
Cercospora (213),Cercospora Leaf Spot,18/4/2025,"Madhupur, Tangail",26?°C,Partly Cloudy,iQOO Z9 Turbo 
Cercospora (214),Cercospora Leaf Spot,18/4/2025,"Madhupur, Tangail",26?°C,Partly Cloudy,iQOO Z9 Turbo 
Cercospora (215),Cercospora Leaf Spot,18/4/2025,"Madhupur, Tangail",26?°C,Partly Cloudy,iQOO Z9 Turbo 
Cercospora (216),Cercospora Leaf Spot,18/4/2025,"Madhupur, Tangail",26?°C,Partly Cloudy,iQOO Z9 Turbo 
Cercospora (217),Cercospora Leaf Spot,18/4/2025,"Madhupur, Tangail",26?°C,Partly Cloudy,iQOO Z9 Turbo 
Cercospora (218),Cercospora Leaf Spot,18/4/2025,"Madhupur, Tangail",26?°C,Partly Cloudy,iQOO Z9 Turbo 
Cercospora (219),Cercospora Leaf Spot,18/4/2025,"Madhupur, Tangail",26?°C,Partly Cloudy,iQOO Z9 Turbo 
Cercospora (220),Cercospora Leaf Spot,18/4/2025,"Madhupur, Tangail",26?°C,Partly Cloudy,iQOO Z9 Turbo 
Cercospora (221),Cercospora Leaf Spot,18/4/2025,"Madhupur, Tangail",26?°C,Partly Cloudy,iQOO Z9 Turbo 
Cercospora (222),Cercospora Leaf Spot,18/4/2025,"Madhupur, Tangail",26?°C,Partly Cloudy,iQOO Z9 Turbo 
Cercospora (223),Cercospora Leaf Spot,18/4/2025,"Madhupur, Tangail",26?°C,Partly Cloudy,iQOO Z9 Turbo 
Cercospora (224),Cercospora Leaf Spot,18/4/2025,"Madhupur, Tangail",26?°C,Partly Cloudy,iQOO Z9 Turbo 
Cercospora (225),Cercospora Leaf Spot,18/4/2025,"Madhupur, Tangail",26?°C,Partly Cloudy,iQOO Z9 Turbo 
Cercospora (226),Cercospora Leaf Spot,18/4/2025,"Madhupur, Tangail",26?°C,Partly Cloudy,iQOO Z9 Turbo 
Cercospora (227),Cercospora Leaf Spot,18/4/2025,"Madhupur, Tangail",26?°C,Partly Cloudy,iQOO Z9 Turbo 
Cercospora (228),Cercospora Leaf Spot,18/4/2025,"Madhupur, Tangail",26?°C,Partly Cloudy,iQOO Z9 Turbo 
Cercospora (229),Cercospora Leaf Spot,18/4/2025,"Madhupur, Tangail",26?°C,Partly Cloudy,iQOO Z9 Turbo 
Cercospora (230),Cercospora Leaf Spot,18/4/2025,"Madhupur, Tangail",26?°C,Partly Cloudy,iQOO Z9 Turbo 
Cercospora (231),Cercospora Leaf Spot,18/4/2025,"Madhupur, Tangail",26?°C,Partly Cloudy,iQOO Z9 Turbo 
Cercospora (232),Cercospora Leaf Spot,18/4/2025,"Madhupur, Tangail",26?°C,Partly Cloudy,iQOO Z9 Turbo 
Cercospora (233),Cercospora Leaf Spot,18/4/2025,"Madhupur, Tangail",26?°C,Partly Cloudy,iQOO Z9 Turbo 
Cercospora (234),Cercospora Leaf Spot,18/4/2025,"Madhupur, Tangail",26?°C,Partly Cloudy,iQOO Z9 Turbo 
Cercospora (235),Cercospora Leaf Spot,18/4/2025,"Madhupur, Tangail",26?°C,Partly Cloudy,iQOO Z9 Turbo 
Cercospora (236),Cercospora Leaf Spot,18/4/2025,"Madhupur, Tangail",26?°C,Partly Cloudy,iQOO Z9 Turbo 
Cercospora (237),Cercospora Leaf Spot,18/4/2025,"Madhupur, Tangail",26?°C,Partly Cloudy,iQOO Z9 Turbo 
Cercospora (238),Cercospora Leaf Spot,18/4/2025,"Madhupur, Tangail",26?°C,Partly Cloudy,iQOO Z9 Turbo 
Cercospora (239),Cercospora Leaf Spot,18/4/2025,"Madhupur, Tangail",26?°C,Partly Cloudy,iQOO Z9 Turbo 
Cercospora (240),Cercospora Leaf Spot,18/4/2025,"Madhupur, Tangail",26?°C,Partly Cloudy,iQOO Z9 Turbo 
Cercospora (241),Cercospora Leaf Spot,18/4/2025,"Madhupur, Tangail",26?°C,Partly Cloudy,iQOO Z9 Turbo 
Cercospora (242),Cercospora Leaf Spot,18/4/2025,"Madhupur, Tangail",26?°C,Partly Cloudy,iQOO Z9 Turbo 
Cercospora (243),Cercospora Leaf Spot,18/4/2025,"Madhupur, Tangail",26?°C,Partly Cloudy,iQOO Z9 Turbo 
Cercospora (244),Cercospora Leaf Spot,18/4/2025,"Madhupur, Tangail",26?°C,Partly Cloudy,iQOO Z9 Turbo 
Cercospora (245),Cercospora Leaf Spot,18/4/2025,"Madhupur, Tangail",26?°C,Partly Cloudy,iQOO Z9 Turbo 
Cercospora (246),Cercospora Leaf Spot,18/4/2025,"Madhupur, Tangail",26?°C,Partly Cloudy,iQOO Z9 Turbo 
Cercospora (247),Cercospora Leaf Spot,18/4/2025,"Madhupur, Tangail",26?°C,Partly Cloudy,iQOO Z9 Turbo 
Cercospora (248),Cercospora Leaf Spot,18/4/2025,"Madhupur, Tangail",26?°C,Partly Cloudy,iQOO Z9 Turbo 
Cercospora (249),Cercospora Leaf Spot,18/4/2025,"Madhupur, Tangail",26?°C,Partly Cloudy,iQOO Z9 Turbo 
Cercospora (250),Cercospora Leaf Spot,18/4/2025,"Madhupur, Tangail",26?°C,Partly Cloudy,iQOO Z9 Turbo 
Cercospora (251),Cercospora Leaf Spot,18/4/2025,"Madhupur, Tangail",26?°C,Partly Cloudy,iQOO Z9 Turbo 
Cercospora (252),Cercospora Leaf Spot,18/4/2025,"Madhupur, Tangail",26?°C,Partly Cloudy,iQOO Z9 Turbo 
Cercospora (253),Cercospora Leaf Spot,18/4/2025,"Madhupur, Tangail",26?°C,Partly Cloudy,iQOO Z9 Turbo 
Cercospora (254),Cercospora Leaf Spot,18/4/2025,"Madhupur, Tangail",26?°C,Partly Cloudy,iQOO Z9 Turbo 
Cercospora (255),Cercospora Leaf Spot,18/4/2025,"Madhupur, Tangail",26?°C,Partly Cloudy,iQOO Z9 Turbo 
Cercospora (256),Cercospora Leaf Spot,18/4/2025,"Madhupur, Tangail",26?°C,Partly Cloudy,iQOO Z9 Turbo 
Cercospora (257),Cercospora Leaf Spot,18/4/2025,"Madhupur, Tangail",26?°C,Partly Cloudy,iQOO Z9 Turbo 
Cercospora (258),Cercospora Leaf Spot,18/4/2025,"Madhupur, Tangail",26?°C,Partly Cloudy,iQOO Z9 Turbo 
Cercospora (259),Cercospora Leaf Spot,18/4/2025,"Madhupur, Tangail",26?°C,Partly Cloudy,iQOO Z9 Turbo 
Cercospora (260),Cercospora Leaf Spot,18/4/2025,"Madhupur, Tangail",26?°C,Partly Cloudy,iQOO Z9 Turbo 
Cercospora (261),Cercospora Leaf Spot,18/4/2025,"Madhupur, Tangail",26?°C,Partly Cloudy,iQOO Z9 Turbo 
Cercospora (262),Cercospora Leaf Spot,18/4/2025,"Madhupur, Tangail",26?°C,Partly Cloudy,iQOO Z9 Turbo 
Cercospora (263),Cercospora Leaf Spot,18/4/2025,"Madhupur, Tangail",26?°C,Partly Cloudy,iQOO Z9 Turbo 
Cercospora (264),Cercospora Leaf Spot,18/4/2025,"Madhupur, Tangail",26?°C,Partly Cloudy,iQOO Z9 Turbo 
Cercospora (265),Cercospora Leaf Spot,18/4/2025,"Madhupur, Tangail",26?°C,Partly Cloudy,iQOO Z9 Turbo 
Cercospora (266),Cercospora Leaf Spot,18/4/2025,"Madhupur, Tangail",26?°C,Partly Cloudy,iQOO Z9 Turbo 
Cercospora (267),Cercospora Leaf Spot,18/4/2025,"Madhupur, Tangail",26?°C,Partly Cloudy,iQOO Z9 Turbo 
Cercospora (268),Cercospora Leaf Spot,18/4/2025,"Madhupur, Tangail",26?°C,Partly Cloudy,iQOO Z9 Turbo 
Cercospora (269),Cercospora Leaf Spot,18/4/2025,"Madhupur, Tangail",26?°C,Partly Cloudy,iQOO Z9 Turbo 
Cercospora (270),Cercospora Leaf Spot,18/4/2025,"Madhupur, Tangail",26?°C,Partly Cloudy,iQOO Z9 Turbo 
Cercospora (271),Cercospora Leaf Spot,18/4/2025,"Madhupur, Tangail",26?°C,Partly Cloudy,iQOO Z9 Turbo 
Cercospora (272),Cercospora Leaf Spot,18/4/2025,"Madhupur, Tangail",26?°C,Partly Cloudy,iQOO Z9 Turbo 
Cercospora (273),Cercospora Leaf Spot,18/4/2025,"Madhupur, Tangail",26?°C,Partly Cloudy,iQOO Z9 Turbo 
Cercospora (274),Cercospora Leaf Spot,18/4/2025,"Madhupur, Tangail",26?°C,Partly Cloudy,iQOO Z9 Turbo 
Cercospora (275),Cercospora Leaf Spot,18/4/2025,"Madhupur, Tangail",26?°C,Partly Cloudy,iQOO Z9 Turbo 
Cercospora (276),Cercospora Leaf Spot,18/4/2025,"Madhupur, Tangail",26?°C,Partly Cloudy,iQOO Z9 Turbo 
Cercospora (277),Cercospora Leaf Spot,18/4/2025,"Madhupur, Tangail",26?°C,Partly Cloudy,iQOO Z9 Turbo 
Cercospora (278),Cercospora Leaf Spot,18/4/2025,"Madhupur, Tangail",26?°C,Partly Cloudy,iQOO Z9 Turbo 
Cercospora (279),Cercospora Leaf Spot,18/4/2025,"Madhupur, Tangail",26?°C,Partly Cloudy,iQOO Z9 Turbo 
Cercospora (280),Cercospora Leaf Spot,18/4/2025,"Madhupur, Tangail",26?°C,Partly Cloudy,iQOO Z9 Turbo 
Cercospora (281),Cercospora Leaf Spot,18/4/2025,"Madhupur, Tangail",26?°C,Partly Cloudy,iQOO Z9 Turbo 
Cercospora (282),Cercospora Leaf Spot,18/4/2025,"Madhupur, Tangail",26?°C,Partly Cloudy,iQOO Z9 Turbo 
Cercospora (283),Cercospora Leaf Spot,18/4/2025,"Madhupur, Tangail",26?°C,Partly Cloudy,iQOO Z9 Turbo 
Cercospora (284),Cercospora Leaf Spot,18/4/2025,"Madhupur, Tangail",26?°C,Partly Cloudy,iQOO Z9 Turbo 
Cercospora (285),Cercospora Leaf Spot,18/4/2025,"Madhupur, Tangail",26?°C,Partly Cloudy,iQOO Z9 Turbo 
Cercospora (286),Cercospora Leaf Spot,18/4/2025,"Madhupur, Tangail",26?°C,Partly Cloudy,iQOO Z9 Turbo 
Cercospora (287),Cercospora Leaf Spot,18/4/2025,"Madhupur, Tangail",26?°C,Partly Cloudy,iQOO Z9 Turbo 
Cercospora (288),Cercospora Leaf Spot,18/4/2025,"Madhupur, Tangail",26?°C,Partly Cloudy,iQOO Z9 Turbo 
Cercospora (289),Cercospora Leaf Spot,18/4/2025,"Madhupur, Tangail",26?°C,Partly Cloudy,iQOO Z9 Turbo 
Cercospora (290),Cercospora Leaf Spot,18/4/2025,"Madhupur, Tangail",26?°C,Partly Cloudy,iQOO Z9 Turbo 
Cercospora (291),Cercospora Leaf Spot,18/4/2025,"Madhupur, Tangail",26?°C,Partly Cloudy,iQOO Z9 Turbo 
Cercospora (292),Cercospora Leaf Spot,18/4/2025,"Madhupur, Tangail",26?°C,Partly Cloudy,iQOO Z9 Turbo 
Cercospora (293),Cercospora Leaf Spot,18/4/2025,"Madhupur, Tangail",26?°C,Partly Cloudy,iQOO Z9 Turbo 
Cercospora (294),Cercospora Leaf Spot,18/4/2025,"Madhupur, Tangail",26?°C,Partly Cloudy,iQOO Z9 Turbo 
Cercospora (295),Cercospora Leaf Spot,18/4/2025,"Madhupur, Tangail",26?°C,Partly Cloudy,iQOO Z9 Turbo 
Cercospora (296),Cercospora Leaf Spot,18/4/2025,"Madhupur, Tangail",26?°C,Partly Cloudy,iQOO Z9 Turbo 
Cercospora (297),Cercospora Leaf Spot,18/4/2025,"Madhupur, Tangail",26?°C,Partly Cloudy,iQOO Z9 Turbo 
Cercospora (298),Cercospora Leaf Spot,18/4/2025,"Madhupur, Tangail",26?°C,Partly Cloudy,iQOO Z9 Turbo 
Cercospora (299),Cercospora Leaf Spot,18/4/2025,"Madhupur, Tangail",26?°C,Partly Cloudy,iQOO Z9 Turbo 
Cercospora (300),Cercospora Leaf Spot,18/4/2025,"Madhupur, Tangail",26?°C,Partly Cloudy,iQOO Z9 Turbo 
Cercospora (301),Cercospora Leaf Spot,18/4/2025,"Madhupur, Tangail",26?°C,Partly Cloudy,iQOO Z9 Turbo 
Cercospora (302),Cercospora Leaf Spot,18/4/2025,"Madhupur, Tangail",26?°C,Partly Cloudy,iQOO Z9 Turbo 
Cercospora (303),Cercospora Leaf Spot,18/4/2025,"Madhupur, Tangail",26?°C,Partly Cloudy,iQOO Z9 Turbo 
Cercospora (304),Cercospora Leaf Spot,18/4/2025,"Madhupur, Tangail",26?°C,Partly Cloudy,iQOO Z9 Turbo 
Cercospora (305),Cercospora Leaf Spot,18/4/2025,"Madhupur, Tangail",26?°C,Partly Cloudy,iQOO Z9 Turbo 
Cercospora (306),Cercospora Leaf Spot,18/4/2025,"Madhupur, Tangail",26?°C,Partly Cloudy,iQOO Z9 Turbo 
Cercospora (307),Cercospora Leaf Spot,18/4/2025,"Madhupur, Tangail",26?°C,Partly Cloudy,iQOO Z9 Turbo 
Cercospora (308),Cercospora Leaf Spot,18/4/2025,"Madhupur, Tangail",26?°C,Partly Cloudy,iQOO Z9 Turbo 
Cercospora (309),Cercospora Leaf Spot,18/4/2025,"Madhupur, Tangail",26?°C,Partly Cloudy,iQOO Z9 Turbo 
Cercospora (310),Cercospora Leaf Spot,18/4/2025,"Madhupur, Tangail",26?°C,Partly Cloudy,iQOO Z9 Turbo 
Cercospora (311),Cercospora Leaf Spot,18/4/2025,"Madhupur, Tangail",26?°C,Partly Cloudy,iQOO Z9 Turbo 
Cercospora (312),Cercospora Leaf Spot,18/4/2025,"Madhupur, Tangail",26?°C,Partly Cloudy,iQOO Z9 Turbo 
Cercospora (313),Cercospora Leaf Spot,18/4/2025,"Madhupur, Tangail",26?°C,Partly Cloudy,iQOO Z9 Turbo 
Cercospora (314),Cercospora Leaf Spot,18/4/2025,"Madhupur, Tangail",26?°C,Partly Cloudy,iQOO Z9 Turbo 
Cercospora (315),Cercospora Leaf Spot,18/4/2025,"Madhupur, Tangail",26?°C,Partly Cloudy,iQOO Z9 Turbo 
Cercospora (316),Cercospora Leaf Spot,18/4/2025,"Madhupur, Tangail",26?°C,Partly Cloudy,iQOO Z9 Turbo 
Cercospora (317),Cercospora Leaf Spot,18/4/2025,"Madhupur, Tangail",26?°C,Partly Cloudy,iQOO Z9 Turbo 
Cercospora (318),Cercospora Leaf Spot,18/4/2025,"Madhupur, Tangail",26?°C,Partly Cloudy,iQOO Z9 Turbo 
Cercospora (319),Cercospora Leaf Spot,18/4/2025,"Madhupur, Tangail",26?°C,Partly Cloudy,iQOO Z9 Turbo 
Cercospora (320),Cercospora Leaf Spot,18/4/2025,"Madhupur, Tangail",26?°C,Partly Cloudy,iQOO Z9 Turbo 
Cercospora (321),Cercospora Leaf Spot,18/4/2025,"Madhupur, Tangail",26?°C,Partly Cloudy,iQOO Z9 Turbo 
Cercospora (322),Cercospora Leaf Spot,18/4/2025,"Madhupur, Tangail",26?°C,Partly Cloudy,iQOO Z9 Turbo 
Cercospora (323),Cercospora Leaf Spot,18/4/2025,"Madhupur, Tangail",26?°C,Partly Cloudy,iQOO Z9 Turbo 
Cercospora (324),Cercospora Leaf Spot,18/4/2025,"Madhupur, Tangail",26?°C,Partly Cloudy,iQOO Z9 Turbo 
Cercospora (325),Cercospora Leaf Spot,18/4/2025,"Madhupur, Tangail",26?°C,Partly Cloudy,iQOO Z9 Turbo 
Cercospora (326),Cercospora Leaf Spot,18/4/2025,"Madhupur, Tangail",26?°C,Partly Cloudy,iQOO Z9 Turbo 
Cercospora (327),Cercospora Leaf Spot,18/4/2025,"Madhupur, Tangail",26?°C,Partly Cloudy,iQOO Z9 Turbo 
Cercospora (328),Cercospora Leaf Spot,18/4/2025,"Madhupur, Tangail",26?°C,Partly Cloudy,iQOO Z9 Turbo 
Cercospora (329),Cercospora Leaf Spot,18/4/2025,"Madhupur, Tangail",26?°C,Partly Cloudy,iQOO Z9 Turbo 
Cercospora (330),Cercospora Leaf Spot,18/4/2025,"Madhupur, Tangail",26?°C,Partly Cloudy,iQOO Z9 Turbo 
Cercospora (331),Cercospora Leaf Spot,18/4/2025,"Madhupur, Tangail",26?°C,Partly Cloudy,iQOO Z9 Turbo 
Cercospora (332),Cercospora Leaf Spot,18/4/2025,"Madhupur, Tangail",26?°C,Partly Cloudy,iQOO Z9 Turbo 
Cercospora (333),Cercospora Leaf Spot,18/4/2025,"Madhupur, Tangail",26?°C,Partly Cloudy,iQOO Z9 Turbo 
Cercospora (334),Cercospora Leaf Spot,18/4/2025,"Madhupur, Tangail",26?°C,Partly Cloudy,iQOO Z9 Turbo 
Cercospora (335),Cercospora Leaf Spot,18/4/2025,"Madhupur, Tangail",26?°C,Partly Cloudy,iQOO Z9 Turbo 
Cercospora (336),Cercospora Leaf Spot,18/4/2025,"Madhupur, Tangail",26?°C,Partly Cloudy,iQOO Z9 Turbo 
Cercospora (337),Cercospora Leaf Spot,18/4/2025,"Madhupur, Tangail",26?°C,Partly Cloudy,iQOO Z9 Turbo 
Cercospora (338),Cercospora Leaf Spot,18/4/2025,"Madhupur, Tangail",26?°C,Partly Cloudy,iQOO Z9 Turbo 
Cercospora (339),Cercospora Leaf Spot,18/4/2025,"Madhupur, Tangail",26?°C,Partly Cloudy,iQOO Z9 Turbo 
Cercospora (340),Cercospora Leaf Spot,18/4/2025,"Madhupur, Tangail",26?°C,Partly Cloudy,iQOO Z9 Turbo 
Cercospora (341),Cercospora Leaf Spot,18/4/2025,"Madhupur, Tangail",26?°C,Partly Cloudy,iQOO Z9 Turbo 
Cercospora (342),Cercospora Leaf Spot,18/4/2025,"Madhupur, Tangail",26?°C,Partly Cloudy,iQOO Z9 Turbo 
Cercospora (343),Cercospora Leaf Spot,18/4/2025,"Madhupur, Tangail",26?°C,Partly Cloudy,iQOO Z9 Turbo 
Cercospora (344),Cercospora Leaf Spot,18/4/2025,"Madhupur, Tangail",26?°C,Partly Cloudy,iQOO Z9 Turbo 
Cercospora (345),Cercospora Leaf Spot,18/4/2025,"Madhupur, Tangail",26?°C,Partly Cloudy,iQOO Z9 Turbo 
Cercospora (346),Cercospora Leaf Spot,18/4/2025,"Madhupur, Tangail",26?°C,Partly Cloudy,iQOO Z9 Turbo 
Cercospora (347),Cercospora Leaf Spot,18/4/2025,"Madhupur, Tangail",26?°C,Partly Cloudy,iQOO Z9 Turbo 
Cercospora (348),Cercospora Leaf Spot,18/4/2025,"Madhupur, Tangail",26?°C,Partly Cloudy,iQOO Z9 Turbo 
Cercospora (349),Cercospora Leaf Spot,18/4/2025,"Madhupur, Tangail",26?°C,Partly Cloudy,iQOO Z9 Turbo 
Cercospora (350),Cercospora Leaf Spot,18/4/2025,"Madhupur, Tangail",26?°C,Partly Cloudy,iQOO Z9 Turbo 
Cercospora (351),Cercospora Leaf Spot,18/4/2025,"Madhupur, Tangail",26?°C,Partly Cloudy,iQOO Z9 Turbo 
Cercospora (352),Cercospora Leaf Spot,18/4/2025,"Madhupur, Tangail",26?°C,Partly Cloudy,iQOO Z9 Turbo 
Cercospora (353),Cercospora Leaf Spot,18/4/2025,"Madhupur, Tangail",26?°C,Partly Cloudy,iQOO Z9 Turbo 
Cercospora (354),Cercospora Leaf Spot,18/4/2025,"Madhupur, Tangail",26?°C,Partly Cloudy,iQOO Z9 Turbo 
Cercospora (355),Cercospora Leaf Spot,18/4/2025,"Madhupur, Tangail",26?°C,Partly Cloudy,iQOO Z9 Turbo 
Cercospora (356),Cercospora Leaf Spot,18/4/2025,"Madhupur, Tangail",26?°C,Partly Cloudy,iQOO Z9 Turbo 
Cercospora (357),Cercospora Leaf Spot,18/4/2025,"Madhupur, Tangail",26?°C,Partly Cloudy,iQOO Z9 Turbo 
Cercospora (358),Cercospora Leaf Spot,18/4/2025,"Madhupur, Tangail",26?°C,Partly Cloudy,iQOO Z9 Turbo 
Cercospora (359),Cercospora Leaf Spot,18/4/2025,"Madhupur, Tangail",26?°C,Partly Cloudy,iQOO Z9 Turbo 
Cercospora (360),Cercospora Leaf Spot,18/4/2025,"Madhupur, Tangail",26?°C,Partly Cloudy,iQOO Z9 Turbo 
Cercospora (361),Cercospora Leaf Spot,18/4/2025,"Madhupur, Tangail",26?°C,Partly Cloudy,iQOO Z9 Turbo 
Cercospora (362),Cercospora Leaf Spot,18/4/2025,"Madhupur, Tangail",26?°C,Partly Cloudy,iQOO Z9 Turbo 
Cercospora (363),Cercospora Leaf Spot,18/4/2025,"Madhupur, Tangail",26?°C,Partly Cloudy,iQOO Z9 Turbo 
Cercospora (364),Cercospora Leaf Spot,18/4/2025,"Madhupur, Tangail",26?°C,Partly Cloudy,iQOO Z9 Turbo 
Cercospora (365),Cercospora Leaf Spot,18/4/2025,"Madhupur, Tangail",26?°C,Partly Cloudy,iQOO Z9 Turbo 
Cercospora (366),Cercospora Leaf Spot,18/4/2025,"Madhupur, Tangail",26?°C,Partly Cloudy,iQOO Z9 Turbo 
Cercospora (367),Cercospora Leaf Spot,18/4/2025,"Madhupur, Tangail",26?°C,Partly Cloudy,iQOO Z9 Turbo 
Cercospora (368),Cercospora Leaf Spot,18/4/2025,"Madhupur, Tangail",26?°C,Partly Cloudy,iQOO Z9 Turbo 
Cercospora (369),Cercospora Leaf Spot,18/4/2025,"Madhupur, Tangail",26?°C,Partly Cloudy,iQOO Z9 Turbo 
Cercospora (370),Cercospora Leaf Spot,18/4/2025,"Madhupur, Tangail",26?°C,Partly Cloudy,OnePlus 8T
Cercospora (371),Cercospora Leaf Spot,18/4/2025,"Madhupur, Tangail",26?°C,Partly Cloudy,OnePlus 8T
Cercospora (372),Cercospora Leaf Spot,18/4/2025,"Madhupur, Tangail",26?°C,Partly Cloudy,OnePlus 8T
Cercospora (373),Cercospora Leaf Spot,18/4/2025,"Madhupur, Tangail",26?°C,Partly Cloudy,OnePlus 8T
Cercospora (374),Cercospora Leaf Spot,18/4/2025,"Madhupur, Tangail",26?°C,Partly Cloudy,OnePlus 8T
Cercospora (375),Cercospora Leaf Spot,18/4/2025,"Madhupur, Tangail",26?°C,Partly Cloudy,OnePlus 8T
Cercospora (376),Cercospora Leaf Spot,18/4/2025,"Madhupur, Tangail",26?°C,Partly Cloudy,OnePlus 8T
Cercospora (377),Cercospora Leaf Spot,18/4/2025,"Madhupur, Tangail",26?°C,Partly Cloudy,OnePlus 8T
Cercospora (378),Cercospora Leaf Spot,18/4/2025,"Madhupur, Tangail",26?°C,Partly Cloudy,OnePlus 8T
Cercospora (379),Cercospora Leaf Spot,18/4/2025,"Madhupur, Tangail",26?°C,Partly Cloudy,OnePlus 8T
Cercospora (380),Cercospora Leaf Spot,18/4/2025,"Madhupur, Tangail",26?°C,Partly Cloudy,OnePlus 8T
Cercospora (381),Cercospora Leaf Spot,18/4/2025,"Madhupur, Tangail",26?°C,Partly Cloudy,OnePlus 8T
Cercospora (382),Cercospora Leaf Spot,18/4/2025,"Madhupur, Tangail",26?°C,Partly Cloudy,OnePlus 8T
Cercospora (383),Cercospora Leaf Spot,18/4/2025,"Madhupur, Tangail",26?°C,Partly Cloudy,OnePlus 8T
Cercospora (384),Cercospora Leaf Spot,18/4/2025,"Madhupur, Tangail",26?°C,Partly Cloudy,OnePlus 8T
Cercospora (385),Cercospora Leaf Spot,18/4/2025,"Madhupur, Tangail",26?°C,Partly Cloudy,OnePlus 8T
Cercospora (386),Cercospora Leaf Spot,18/4/2025,"Madhupur, Tangail",26?°C,Partly Cloudy,OnePlus 8T
Cercospora (387),Cercospora Leaf Spot,18/4/2025,"Madhupur, Tangail",26?°C,Partly Cloudy,OnePlus 8T
Cercospora (388),Cercospora Leaf Spot,18/4/2025,"Madhupur, Tangail",26?°C,Partly Cloudy,OnePlus 8T
Cercospora (389),Cercospora Leaf Spot,18/4/2025,"Madhupur, Tangail",26?°C,Partly Cloudy,OnePlus 8T
Cercospora (390),Cercospora Leaf Spot,18/4/2025,"Madhupur, Tangail",26?°C,Partly Cloudy,OnePlus 8T
Cercospora (391),Cercospora Leaf Spot,18/4/2025,"Madhupur, Tangail",26?°C,Partly Cloudy,OnePlus 8T
Cercospora (392),Cercospora Leaf Spot,18/4/2025,"Madhupur, Tangail",26?°C,Partly Cloudy,OnePlus 8T
Cercospora (393),Cercospora Leaf Spot,18/4/2025,"Madhupur, Tangail",26?°C,Partly Cloudy,OnePlus 8T
Cercospora (394),Cercospora Leaf Spot,18/4/2025,"Madhupur, Tangail",26?°C,Partly Cloudy,OnePlus 8T
Cercospora (395),Cercospora Leaf Spot,18/4/2025,"Madhupur, Tangail",26?°C,Partly Cloudy,OnePlus 8T
Cercospora (396),Cercospora Leaf Spot,18/4/2025,"Madhupur, Tangail",26?°C,Partly Cloudy,OnePlus 8T
Cercospora (397),Cercospora Leaf Spot,18/4/2025,"Madhupur, Tangail",26?°C,Partly Cloudy,OnePlus 8T
Cercospora (398),Cercospora Leaf Spot,18/4/2025,"Madhupur, Tangail",26?°C,Partly Cloudy,OnePlus 8T
Cercospora (399),Cercospora Leaf Spot,18/4/2025,"Madhupur, Tangail",26?°C,Partly Cloudy,OnePlus 8T
Cercospora (400),Cercospora Leaf Spot,18/4/2025,"Madhupur, Tangail",26?°C,Partly Cloudy,OnePlus 8T
Cercospora (401),Cercospora Leaf Spot,18/4/2025,"Madhupur, Tangail",26?°C,Partly Cloudy,OnePlus 8T
Cercospora (402),Cercospora Leaf Spot,18/4/2025,"Madhupur, Tangail",26?°C,Partly Cloudy,OnePlus 8T
Cercospora (403),Cercospora Leaf Spot,18/4/2025,"Madhupur, Tangail",26?°C,Partly Cloudy,OnePlus 8T
Cercospora (404),Cercospora Leaf Spot,18/4/2025,"Madhupur, Tangail",26?°C,Partly Cloudy,OnePlus 8T
Cercospora (405),Cercospora Leaf Spot,18/4/2025,"Madhupur, Tangail",26?°C,Partly Cloudy,OnePlus 8T
Cercospora (406),Cercospora Leaf Spot,18/4/2025,"Madhupur, Tangail",26?°C,Partly Cloudy,OnePlus 8T
Cercospora (407),Cercospora Leaf Spot,18/4/2025,"Madhupur, Tangail",26?°C,Partly Cloudy,OnePlus 8T
Cercospora (408),Cercospora Leaf Spot,18/4/2025,"Madhupur, Tangail",26?°C,Partly Cloudy,OnePlus 8T
Cercospora (409),Cercospora Leaf Spot,18/4/2025,"Madhupur, Tangail",26?°C,Partly Cloudy,OnePlus 8T
Cercospora (410),Cercospora Leaf Spot,18/4/2025,"Madhupur, Tangail",26?°C,Partly Cloudy,OnePlus 8T
Cercospora (411),Cercospora Leaf Spot,18/4/2025,"Madhupur, Tangail",26?°C,Partly Cloudy,OnePlus 8T
Cercospora (412),Cercospora Leaf Spot,18/4/2025,"Madhupur, Tangail",26?°C,Partly Cloudy,OnePlus 8T
Cercospora (413),Cercospora Leaf Spot,18/4/2025,"Madhupur, Tangail",26?°C,Partly Cloudy,OnePlus 8T
Cercospora (414),Cercospora Leaf Spot,2/9/2025,"Birulia, Savar",33?°C,Sunny,iQOO Z9 Turbo 
Cercospora (415),Cercospora Leaf Spot,2/9/2025,"Birulia, Savar",33?°C,Sunny,iQOO Z9 Turbo 
Cercospora (416),Cercospora Leaf Spot,2/9/2025,"Birulia, Savar",33?°C,Sunny,iQOO Z9 Turbo 
Cercospora (417),Cercospora Leaf Spot,2/9/2025,"Birulia, Savar",33?°C,Sunny,iQOO Z9 Turbo 
Cercospora (418),Cercospora Leaf Spot,2/9/2025,"Birulia, Savar",33?°C,Sunny,iQOO Z9 Turbo 
Cercospora (419),Cercospora Leaf Spot,2/9/2025,"Birulia, Savar",33?°C,Sunny,iQOO Z9 Turbo 
Cercospora (420),Cercospora Leaf Spot,2/9/2025,"Birulia, Savar",33?°C,Sunny,iQOO Z9 Turbo 
Cercospora (421),Cercospora Leaf Spot,2/9/2025,"Birulia, Savar",33?°C,Sunny,iQOO Z9 Turbo 
Cercospora (422),Cercospora Leaf Spot,2/9/2025,"Birulia, Savar",33?°C,Sunny,iQOO Z9 Turbo 
Cercospora (423),Cercospora Leaf Spot,2/9/2025,"Birulia, Savar",33?°C,Sunny,iQOO Z9 Turbo 
Cercospora (424),Cercospora Leaf Spot,2/9/2025,"Birulia, Savar",33?°C,Sunny,iQOO Z9 Turbo 
Cercospora (425),Cercospora Leaf Spot,2/9/2025,"Birulia, Savar",33?°C,Sunny,iQOO Z9 Turbo 
Cercospora (426),Cercospora Leaf Spot,2/9/2025,"Birulia, Savar",33?°C,Sunny,iQOO Z9 Turbo 
Cercospora (427),Cercospora Leaf Spot,2/9/2025,"Birulia, Savar",33?°C,Sunny,iQOO Z9 Turbo 
Cercospora (428),Cercospora Leaf Spot,2/9/2025,"Birulia, Savar",33?°C,Sunny,iQOO Z9 Turbo 
Cercospora (429),Cercospora Leaf Spot,2/9/2025,"Birulia, Savar",33?°C,Sunny,iQOO Z9 Turbo 
Cercospora (430),Cercospora Leaf Spot,2/9/2025,"Birulia, Savar",33?°C,Sunny,iQOO Z9 Turbo 
Cercospora (431),Cercospora Leaf Spot,2/9/2025,"Birulia, Savar",33?°C,Sunny,iQOO Z9 Turbo 
Cercospora (432),Cercospora Leaf Spot,2/9/2025,"Birulia, Savar",33?°C,Sunny,iQOO Z9 Turbo 
Cercospora (433),Cercospora Leaf Spot,2/9/2025,"Birulia, Savar",33?°C,Sunny,iQOO Z9 Turbo 
Cercospora (434),Cercospora Leaf Spot,2/9/2025,"Birulia, Savar",33?°C,Sunny,iQOO Z9 Turbo 
Cercospora (435),Cercospora Leaf Spot,2/9/2025,"Birulia, Savar",33?°C,Sunny,iQOO Z9 Turbo 
Cercospora (436),Cercospora Leaf Spot,2/9/2025,"Birulia, Savar",33?°C,Sunny,iQOO Z9 Turbo 
Cercospora (437),Cercospora Leaf Spot,2/9/2025,"Birulia, Savar",33?°C,Sunny,iQOO Z9 Turbo 
Cercospora (438),Cercospora Leaf Spot,2/9/2025,"Birulia, Savar",33?°C,Sunny,iQOO Z9 Turbo 
Cercospora (439),Cercospora Leaf Spot,2/9/2025,"Birulia, Savar",33?°C,Sunny,iQOO Z9 Turbo 
Cercospora (440),Cercospora Leaf Spot,2/9/2025,"Birulia, Savar",33?°C,Sunny,iQOO Z9 Turbo 
Cercospora (441),Cercospora Leaf Spot,2/9/2025,"Birulia, Savar",33?°C,Sunny,OnePlus 8T
Cercospora (442),Cercospora Leaf Spot,2/9/2025,"Birulia, Savar",33?°C,Sunny,OnePlus 8T
Cercospora (443),Cercospora Leaf Spot,2/9/2025,"Birulia, Savar",33?°C,Sunny,OnePlus 8T
Cercospora (444),Cercospora Leaf Spot,2/9/2025,"Birulia, Savar",33?°C,Sunny,OnePlus 8T
Cercospora (445),Cercospora Leaf Spot,2/9/2025,"Birulia, Savar",33?°C,Sunny,OnePlus 8T
Cercospora (446),Cercospora Leaf Spot,2/9/2025,"Birulia, Savar",33?°C,Sunny,OnePlus 8T
Cercospora (447),Cercospora Leaf Spot,2/9/2025,"Birulia, Savar",33?°C,Sunny,OnePlus 8T
Cercospora (448),Cercospora Leaf Spot,2/9/2025,"Birulia, Savar",33?°C,Sunny,OnePlus 8T
Cercospora (449),Cercospora Leaf Spot,2/9/2025,"Birulia, Savar",33?°C,Sunny,OnePlus 8T
Cercospora (450),Cercospora Leaf Spot,2/9/2025,"Birulia, Savar",33?°C,Sunny,OnePlus 8T
Cercospora (451),Cercospora Leaf Spot,2/9/2025,"Birulia, Savar",33?°C,Sunny,OnePlus 8T
Cercospora (452),Cercospora Leaf Spot,2/9/2025,"Birulia, Savar",33?°C,Sunny,OnePlus 8T
Cercospora (453),Cercospora Leaf Spot,2/9/2025,"Birulia, Savar",33?°C,Sunny,OnePlus 8T
Cercospora (454),Cercospora Leaf Spot,2/9/2025,"Birulia, Savar",33?°C,Sunny,OnePlus 8T
Cercospora (455),Cercospora Leaf Spot,2/9/2025,"Birulia, Savar",33?°C,Sunny,OnePlus 8T
Cercospora (456),Cercospora Leaf Spot,2/9/2025,"Birulia, Savar",33?°C,Sunny,OnePlus 8T
Cercospora (457),Cercospora Leaf Spot,2/9/2025,"Birulia, Savar",33?°C,Sunny,OnePlus 8T
Cercospora (458),Cercospora Leaf Spot,2/9/2025,"Birulia, Savar",33?°C,Sunny,OnePlus 8T
Cercospora (459),Cercospora Leaf Spot,2/9/2025,"Birulia, Savar",33?°C,Sunny,OnePlus 8T
Cercospora (460),Cercospora Leaf Spot,2/9/2025,"Birulia, Savar",33?°C,Sunny,OnePlus 8T
Cercospora (461),Cercospora Leaf Spot,2/9/2025,"Birulia, Savar",33?°C,Sunny,OnePlus 8T
Cercospora (462),Cercospora Leaf Spot,2/9/2025,"Birulia, Savar",33?°C,Sunny,OnePlus 8T
Cercospora (463),Cercospora Leaf Spot,2/9/2025,"Birulia, Savar",33?°C,Sunny,OnePlus 8T
Cercospora (464),Cercospora Leaf Spot,2/9/2025,"Birulia, Savar",33?°C,Sunny,OnePlus 8T
Cercospora (465),Cercospora Leaf Spot,2/9/2025,"Birulia, Savar",33?°C,Sunny,OnePlus 8T
Cercospora (466),Cercospora Leaf Spot,2/9/2025,"Birulia, Savar",33?°C,Sunny,OnePlus 8T
Cercospora (467),Cercospora Leaf Spot,2/9/2025,"Birulia, Savar",33?°C,Sunny,OnePlus 8T
Cercospora (468),Cercospora Leaf Spot,2/9/2025,"Birulia, Savar",33?°C,Sunny,OnePlus 8T
Cercospora (469),Cercospora Leaf Spot,2/9/2025,"Birulia, Savar",33?°C,Sunny,OnePlus 8T
Cercospora (470),Cercospora Leaf Spot,2/9/2025,"Birulia, Savar",33?°C,Sunny,OnePlus 8T
Cercospora (471),Cercospora Leaf Spot,2/9/2025,"Birulia, Savar",33?°C,Sunny,OnePlus 8T
Cercospora (472),Cercospora Leaf Spot,2/9/2025,"Birulia, Savar",33?°C,Sunny,OnePlus 8T
Cercospora (473),Cercospora Leaf Spot,2/9/2025,"Birulia, Savar",33?°C,Sunny,OnePlus 8T
Cercospora (474),Cercospora Leaf Spot,2/9/2025,"Birulia, Savar",33?°C,Sunny,OnePlus 8T
Cercospora (475),Cercospora Leaf Spot,2/9/2025,"Birulia, Savar",33?°C,Sunny,OnePlus 8T
Cercospora (476),Cercospora Leaf Spot,2/9/2025,"Birulia, Savar",33?°C,Sunny,OnePlus 8T
Cercospora (477),Cercospora Leaf Spot,2/9/2025,"Birulia, Savar",33?°C,Sunny,OnePlus 8T
Cercospora (478),Cercospora Leaf Spot,2/9/2025,"Birulia, Savar",33?°C,Sunny,OnePlus 8T
Cercospora (479),Cercospora Leaf Spot,2/9/2025,"Birulia, Savar",33?°C,Sunny,OnePlus 8T
Cercospora (480),Cercospora Leaf Spot,2/9/2025,"Birulia, Savar",33?°C,Sunny,OnePlus 8T
Cercospora (481),Cercospora Leaf Spot,2/9/2025,"Birulia, Savar",33?°C,Sunny,OnePlus 8T
Cercospora (482),Cercospora Leaf Spot,2/9/2025,"Birulia, Savar",33?°C,Sunny,OnePlus 8T
Cercospora (483),Cercospora Leaf Spot,2/9/2025,"Birulia, Savar",33?°C,Sunny,OnePlus 8T
Cercospora (484),Cercospora Leaf Spot,2/9/2025,"Birulia, Savar",33?°C,Sunny,OnePlus 8T
Cercospora (485),Cercospora Leaf Spot,2/9/2025,"Birulia, Savar",33?°C,Sunny,OnePlus 8T
Cercospora (486),Cercospora Leaf Spot,2/9/2025,"Birulia, Savar",33?°C,Sunny,OnePlus 8T
Cercospora (487),Cercospora Leaf Spot,2/9/2025,"Birulia, Savar",33?°C,Sunny,OnePlus 8T
Cercospora (488),Cercospora Leaf Spot,2/9/2025,"Birulia, Savar",33?°C,Sunny,OnePlus 8T
Cercospora (489),Cercospora Leaf Spot,2/9/2025,"Birulia, Savar",33?°C,Sunny,OnePlus 8T
Cercospora (490),Cercospora Leaf Spot,2/9/2025,"Birulia, Savar",33?°C,Sunny,OnePlus 8T
Cercospora (491),Cercospora Leaf Spot,2/9/2025,"Birulia, Savar",33?°C,Sunny,OnePlus 8T
Cercospora (492),Cercospora Leaf Spot,2/9/2025,"Birulia, Savar",33?°C,Sunny,OnePlus 8T
Cercospora (493),Cercospora Leaf Spot,2/9/2025,"Birulia, Savar",33?°C,Sunny,OnePlus 8T
Cercospora (494),Cercospora Leaf Spot,2/9/2025,"Birulia, Savar",33?°C,Sunny,OnePlus 8T
Cercospora (495),Cercospora Leaf Spot,2/9/2025,"Birulia, Savar",33?°C,Sunny,OnePlus 8T
Cercospora (496),Cercospora Leaf Spot,2/9/2025,"Birulia, Savar",33?°C,Sunny,OnePlus 8T
Cercospora (497),Cercospora Leaf Spot,2/9/2025,"Birulia, Savar",33?°C,Sunny,OnePlus 8T
Cercospora (498),Cercospora Leaf Spot,2/9/2025,"Birulia, Savar",33?°C,Sunny,OnePlus 8T
Cercospora (499),Cercospora Leaf Spot,2/9/2025,"Birulia, Savar",33?°C,Sunny,OnePlus 8T
Cercospora (500),Cercospora Leaf Spot,2/9/2025,"Birulia, Savar",33?°C,Sunny,OnePlus 8T
Cercospora (501),Cercospora Leaf Spot,2/9/2025,"Birulia, Savar",33?°C,Sunny,OnePlus 8T
Cercospora (502),Cercospora Leaf Spot,2/9/2025,"Birulia, Savar",33?°C,Sunny,OnePlus 8T
Cercospora (503),Cercospora Leaf Spot,2/9/2025,"Birulia, Savar",33?°C,Sunny,OnePlus 8T
Cercospora (504),Cercospora Leaf Spot,2/9/2025,"Birulia, Savar",33?°C,Sunny,OnePlus 8T
Cercospora (505),Cercospora Leaf Spot,2/9/2025,"Birulia, Savar",33?°C,Sunny,OnePlus 8T
Cercospora (506),Cercospora Leaf Spot,2/9/2025,"Birulia, Savar",33?°C,Sunny,OnePlus 8T
Cercospora (507),Cercospora Leaf Spot,2/9/2025,"Birulia, Savar",33?°C,Sunny,OnePlus 8T
Cercospora (508),Cercospora Leaf Spot,2/9/2025,"Birulia, Savar",33?°C,Sunny,OnePlus 8T
Cercospora (509),Cercospora Leaf Spot,2/9/2025,"Birulia, Savar",33?°C,Sunny,OnePlus 8T
Cercospora (510),Cercospora Leaf Spot,2/9/2025,"Birulia, Savar",33?°C,Sunny,OnePlus 8T
Cercospora (511),Cercospora Leaf Spot,2/9/2025,"Birulia, Savar",33?°C,Sunny,OnePlus 8T
Cercospora (512),Cercospora Leaf Spot,2/9/2025,"Birulia, Savar",33?°C,Sunny,OnePlus 8T
Cercospora (513),Cercospora Leaf Spot,2/9/2025,"Birulia, Savar",33?°C,Sunny,OnePlus 8T
Cercospora (514),Cercospora Leaf Spot,2/9/2025,"Birulia, Savar",33?°C,Sunny,OnePlus 8T
Cercospora (515),Cercospora Leaf Spot,2/9/2025,"Birulia, Savar",33?°C,Sunny,OnePlus 8T
Cercospora (516),Cercospora Leaf Spot,2/9/2025,"Birulia, Savar",33?°C,Sunny,OnePlus 8T
Cercospora (517),Cercospora Leaf Spot,2/9/2025,"Birulia, Savar",33?°C,Sunny,OnePlus 8T
Cercospora (518),Cercospora Leaf Spot,2/9/2025,"Birulia, Savar",33?°C,Sunny,OnePlus 8T
Cercospora (519),Cercospora Leaf Spot,2/9/2025,"Birulia, Savar",33?°C,Sunny,OnePlus 8T
Cercospora (520),Cercospora Leaf Spot,2/9/2025,"Birulia, Savar",33?°C,Sunny,OnePlus 8T
Cercospora (521),Cercospora Leaf Spot,2/9/2025,"Birulia, Savar",33?°C,Sunny,OnePlus 8T
Cercospora (522),Cercospora Leaf Spot,2/9/2025,"Birulia, Savar",33?°C,Sunny,OnePlus 8T
Cercospora (523),Cercospora Leaf Spot,2/9/2025,"Birulia, Savar",33?°C,Sunny,OnePlus 8T
Cercospora (524),Cercospora Leaf Spot,2/9/2025,"Birulia, Savar",33?°C,Sunny,OnePlus 8T
Cercospora (525),Cercospora Leaf Spot,2/9/2025,"Birulia, Savar",33?°C,Sunny,OnePlus 8T
Cercospora (526),Cercospora Leaf Spot,2/9/2025,"Birulia, Savar",33?°C,Sunny,OnePlus 8T
Cercospora (527),Cercospora Leaf Spot,2/9/2025,"Birulia, Savar",33?°C,Sunny,OnePlus 8T
Cercospora (528),Cercospora Leaf Spot,2/9/2025,"Birulia, Savar",33?°C,Sunny,OnePlus 8T
Cercospora (529),Cercospora Leaf Spot,2/9/2025,"Birulia, Savar",33?°C,Sunny,OnePlus 8T
Cercospora (530),Cercospora Leaf Spot,2/9/2025,"Birulia, Savar",33?°C,Sunny,OnePlus 8T
Cercospora (531),Cercospora Leaf Spot,2/9/2025,"Birulia, Savar",33?°C,Sunny,OnePlus 8T
Cercospora (532),Cercospora Leaf Spot,2/9/2025,"Birulia, Savar",33?°C,Sunny,OnePlus 8T
Cercospora (533),Cercospora Leaf Spot,2/9/2025,"Birulia, Savar",33?°C,Sunny,OnePlus 8T
Cercospora (534),Cercospora Leaf Spot,2/9/2025,"Birulia, Savar",33?°C,Sunny,OnePlus 8T
Cercospora (535),Cercospora Leaf Spot,2/9/2025,"Birulia, Savar",33?°C,Sunny,OnePlus 8T
Cercospora (536),Cercospora Leaf Spot,2/9/2025,"Birulia, Savar",33?°C,Sunny,OnePlus 8T
Cercospora (537),Cercospora Leaf Spot,2/9/2025,"Birulia, Savar",33?°C,Sunny,OnePlus 8T
Cercospora (538),Cercospora Leaf Spot,2/9/2025,"Birulia, Savar",33?°C,Sunny,OnePlus 8T
Cercospora (539),Cercospora Leaf Spot,2/9/2025,"Birulia, Savar",33?°C,Sunny,OnePlus 8T
Cercospora (540),Cercospora Leaf Spot,2/9/2025,"Birulia, Savar",33?°C,Sunny,OnePlus 8T
Cercospora (541),Cercospora Leaf Spot,2/9/2025,"Birulia, Savar",33?°C,Sunny,OnePlus 8T
Cercospora (542),Cercospora Leaf Spot,2/9/2025,"Birulia, Savar",33?°C,Sunny,OnePlus 8T
Cercospora (543),Cercospora Leaf Spot,2/9/2025,"Birulia, Savar",33?°C,Sunny,OnePlus 8T
Cercospora (544),Cercospora Leaf Spot,2/9/2025,"Birulia, Savar",33?°C,Sunny,OnePlus 8T
Cercospora (545),Cercospora Leaf Spot,2/9/2025,"Birulia, Savar",33?°C,Sunny,OnePlus 8T
Cercospora (546),Cercospora Leaf Spot,2/9/2025,"Birulia, Savar",33?°C,Sunny,OnePlus 8T
Cercospora (547),Cercospora Leaf Spot,2/9/2025,"Birulia, Savar",33?°C,Sunny,OnePlus 8T
Cercospora (548),Cercospora Leaf Spot,2/9/2025,"Birulia, Savar",33?°C,Sunny,OnePlus 8T
Cercospora (549),Cercospora Leaf Spot,2/9/2025,"Birulia, Savar",33?°C,Sunny,OnePlus 8T
Cercospora (550),Cercospora Leaf Spot,2/9/2025,"Birulia, Savar",33?°C,Sunny,OnePlus 8T
Cercospora (551),Cercospora Leaf Spot,2/9/2025,"Birulia, Savar",33?°C,Sunny,OnePlus 8T
Cercospora (552),Cercospora Leaf Spot,2/9/2025,"Birulia, Savar",33?°C,Sunny,OnePlus 8T
Cercospora (553),Cercospora Leaf Spot,2/9/2025,"Birulia, Savar",33?°C,Sunny,OnePlus 8T
Cercospora (554),Cercospora Leaf Spot,2/9/2025,"Birulia, Savar",33?°C,Sunny,OnePlus 8T
Cercospora (555),Cercospora Leaf Spot,2/9/2025,"Birulia, Savar",33?°C,Sunny,OnePlus 8T
Cercospora (556),Cercospora Leaf Spot,2/9/2025,"Birulia, Savar",33?°C,Sunny,OnePlus 8T
Cercospora (557),Cercospora Leaf Spot,2/9/2025,"Birulia, Savar",33?°C,Sunny,OnePlus 8T
Cercospora (558),Cercospora Leaf Spot,2/9/2025,"Birulia, Savar",33?°C,Sunny,OnePlus 8T
Cercospora (559),Cercospora Leaf Spot,2/9/2025,"Birulia, Savar",33?°C,Sunny,OnePlus 8T
Cercospora (560),Cercospora Leaf Spot,2/9/2025,"Birulia, Savar",33?°C,Sunny,OnePlus 8T
Cercospora (561),Cercospora Leaf Spot,2/9/2025,"Birulia, Savar",33?°C,Sunny,OnePlus 8T
Cercospora (562),Cercospora Leaf Spot,2/9/2025,"Birulia, Savar",33?°C,Sunny,OnePlus 8T
Cercospora (563),Cercospora Leaf Spot,2/9/2025,"Birulia, Savar",33?°C,Sunny,OnePlus 8T
Cercospora (564),Cercospora Leaf Spot,2/9/2025,"Birulia, Savar",33?°C,Sunny,OnePlus 8T
Cercospora (565),Cercospora Leaf Spot,2/9/2025,"Birulia, Savar",33?°C,Sunny,OnePlus 8T
Cercospora (566),Cercospora Leaf Spot,2/9/2025,"Birulia, Savar",33?°C,Sunny,OnePlus 8T
Cercospora (567),Cercospora Leaf Spot,2/9/2025,"Birulia, Savar",33?°C,Sunny,OnePlus 8T
Cercospora (568),Cercospora Leaf Spot,2/9/2025,"Birulia, Savar",33?°C,Sunny,OnePlus 8T
Yellow (1),Yellow,2/4/2025,"Madhupur, Tangail",27?°C,Cloudy,OnePlus 8T
Yellow (2),Yellow,2/4/2025,"Madhupur, Tangail",27?°C,Cloudy,OnePlus 8T
Yellow (3),Yellow,2/4/2025,"Madhupur, Tangail",27?°C,Cloudy,OnePlus 8T
Yellow (4),Yellow,2/4/2025,"Madhupur, Tangail",27?°C,Cloudy,OnePlus 8T
Yellow (5),Yellow,2/4/2025,"Madhupur, Tangail",27?°C,Cloudy,OnePlus 8T
Yellow (6),Yellow,2/4/2025,"Madhupur, Tangail",27?°C,Cloudy,OnePlus 8T
Yellow (7),Yellow,2/4/2025,"Madhupur, Tangail",27?°C,Cloudy,OnePlus 8T
Yellow (8),Yellow,2/4/2025,"Madhupur, Tangail",27?°C,Cloudy,OnePlus 8T
Yellow (9),Yellow,2/4/2025,"Madhupur, Tangail",27?°C,Cloudy,OnePlus 8T
Yellow (10),Yellow,2/4/2025,"Madhupur, Tangail",27?°C,Cloudy,OnePlus 8T
Yellow (11),Yellow,2/4/2025,"Madhupur, Tangail",27?°C,Cloudy,OnePlus 8T
Yellow (12),Yellow,2/4/2025,"Madhupur, Tangail",27?°C,Cloudy,OnePlus 8T
Yellow (13),Yellow,2/4/2025,"Madhupur, Tangail",27?°C,Cloudy,OnePlus 8T
Yellow (14),Yellow,2/4/2025,"Madhupur, Tangail",27?°C,Cloudy,OnePlus 8T
Yellow (15),Yellow,2/4/2025,"Madhupur, Tangail",27?°C,Cloudy,OnePlus 8T
Yellow (16),Yellow,2/4/2025,"Madhupur, Tangail",27?°C,Cloudy,OnePlus 8T
Yellow (17),Yellow,2/4/2025,"Madhupur, Tangail",27?°C,Cloudy,OnePlus 8T
Yellow (18),Yellow,2/4/2025,"Madhupur, Tangail",27?°C,Cloudy,OnePlus 8T
Yellow (19),Yellow,2/4/2025,"Madhupur, Tangail",27?°C,Cloudy,OnePlus 8T
Yellow (20),Yellow,2/4/2025,"Madhupur, Tangail",27?°C,Cloudy,OnePlus 8T
Yellow (21),Yellow,2/4/2025,"Madhupur, Tangail",27?°C,Cloudy,OnePlus 8T
Yellow (22),Yellow,2/4/2025,"Madhupur, Tangail",27?°C,Cloudy,OnePlus 8T
Yellow (23),Yellow,2/4/2025,"Madhupur, Tangail",27?°C,Cloudy,OnePlus 8T
Yellow (24),Yellow,2/4/2025,"Madhupur, Tangail",27?°C,Cloudy,OnePlus 8T
Yellow (25),Yellow,2/4/2025,"Madhupur, Tangail",27?°C,Cloudy,OnePlus 8T
Yellow (26),Yellow,2/4/2025,"Madhupur, Tangail",27?°C,Cloudy,OnePlus 8T
Yellow (27),Yellow,2/4/2025,"Madhupur, Tangail",27?°C,Cloudy,OnePlus 8T
Yellow (28),Yellow,2/4/2025,"Madhupur, Tangail",27?°C,Cloudy,OnePlus 8T
Yellow (29),Yellow,2/4/2025,"Madhupur, Tangail",27?°C,Cloudy,OnePlus 8T
Yellow (30),Yellow,2/4/2025,"Madhupur, Tangail",27?°C,Cloudy,OnePlus 8T
Yellow (31),Yellow,2/4/2025,"Madhupur, Tangail",27?°C,Cloudy,OnePlus 8T
Yellow (32),Yellow,2/4/2025,"Madhupur, Tangail",27?°C,Cloudy,OnePlus 8T
Yellow (33),Yellow,2/4/2025,"Madhupur, Tangail",27?°C,Cloudy,OnePlus 8T
Yellow (34),Yellow,2/4/2025,"Madhupur, Tangail",27?°C,Cloudy,OnePlus 8T
Yellow (35),Yellow,2/4/2025,"Madhupur, Tangail",27?°C,Cloudy,OnePlus 8T
Yellow (36),Yellow,2/4/2025,"Madhupur, Tangail",27?°C,Cloudy,OnePlus 8T
Yellow (37),Yellow,2/4/2025,"Madhupur, Tangail",27?°C,Cloudy,OnePlus 8T
Yellow (38),Yellow,2/4/2025,"Madhupur, Tangail",27?°C,Cloudy,OnePlus 8T
Yellow (39),Yellow,2/4/2025,"Madhupur, Tangail",27?°C,Cloudy,OnePlus 8T
Yellow (40),Yellow,2/4/2025,"Madhupur, Tangail",27?°C,Cloudy,OnePlus 8T
Yellow (41),Yellow,2/4/2025,"Madhupur, Tangail",27?°C,Cloudy,OnePlus 8T
Yellow (42),Yellow,2/4/2025,"Madhupur, Tangail",27?°C,Cloudy,OnePlus 8T
Yellow (43),Yellow,2/4/2025,"Madhupur, Tangail",27?°C,Cloudy,OnePlus 8T
Yellow (44),Yellow,2/4/2025,"Madhupur, Tangail",27?°C,Cloudy,OnePlus 8T
Yellow (45),Yellow,2/4/2025,"Madhupur, Tangail",27?°C,Cloudy,OnePlus 8T
Yellow (46),Yellow,2/4/2025,"Madhupur, Tangail",27?°C,Cloudy,OnePlus 8T
Yellow (47),Yellow,2/4/2025,"Madhupur, Tangail",27?°C,Cloudy,OnePlus 8T
Yellow (48),Yellow,2/4/2025,"Madhupur, Tangail",27?°C,Cloudy,OnePlus 8T
Yellow (49),Yellow,2/4/2025,"Madhupur, Tangail",27?°C,Cloudy,OnePlus 8T
Yellow (50),Yellow,2/4/2025,"Madhupur, Tangail",27?°C,Cloudy,OnePlus 8T
Yellow (51),Yellow,2/4/2025,"Madhupur, Tangail",27?°C,Cloudy,OnePlus 8T
Yellow (52),Yellow,2/4/2025,"Madhupur, Tangail",27?°C,Cloudy,OnePlus 8T
Yellow (53),Yellow,2/4/2025,"Madhupur, Tangail",27?°C,Cloudy,OnePlus 8T
Yellow (54),Yellow,2/4/2025,"Madhupur, Tangail",27?°C,Cloudy,OnePlus 8T
Yellow (55),Yellow,2/4/2025,"Madhupur, Tangail",27?°C,Cloudy,OnePlus 8T
Yellow (56),Yellow,2/4/2025,"Madhupur, Tangail",27?°C,Cloudy,OnePlus 8T
Yellow (57),Yellow,2/4/2025,"Madhupur, Tangail",27?°C,Cloudy,OnePlus 8T
Yellow (58),Yellow,2/4/2025,"Madhupur, Tangail",27?°C,Cloudy,OnePlus 8T
Yellow (59),Yellow,2/4/2025,"Madhupur, Tangail",27?°C,Cloudy,OnePlus 8T
Yellow (60),Yellow,2/4/2025,"Madhupur, Tangail",27?°C,Cloudy,OnePlus 8T
Yellow (61),Yellow,2/4/2025,"Madhupur, Tangail",27?°C,Cloudy,OnePlus 8T
Yellow (62),Yellow,2/4/2025,"Madhupur, Tangail",27?°C,Cloudy,OnePlus 8T
Yellow (63),Yellow,2/4/2025,"Madhupur, Tangail",27?°C,Cloudy,OnePlus 8T
Yellow (64),Yellow,2/4/2025,"Madhupur, Tangail",27?°C,Cloudy,OnePlus 8T
Yellow (65),Yellow,2/4/2025,"Madhupur, Tangail",27?°C,Cloudy,OnePlus 8T
Yellow (66),Yellow,2/4/2025,"Madhupur, Tangail",27?°C,Cloudy,OnePlus 8T
Yellow (67),Yellow,2/4/2025,"Madhupur, Tangail",27?°C,Cloudy,OnePlus 8T
Yellow (68),Yellow,2/4/2025,"Madhupur, Tangail",27?°C,Cloudy,OnePlus 8T
Yellow (69),Yellow,2/4/2025,"Madhupur, Tangail",27?°C,Cloudy,OnePlus 8T
Yellow (70),Yellow,2/4/2025,"Madhupur, Tangail",27?°C,Cloudy,OnePlus 8T
Yellow (71),Yellow,2/4/2025,"Madhupur, Tangail",27?°C,Cloudy,OnePlus 8T
Yellow (72),Yellow,2/4/2025,"Madhupur, Tangail",27?°C,Cloudy,OnePlus 8T
Yellow (73),Yellow,2/4/2025,"Madhupur, Tangail",27?°C,Cloudy,OnePlus 8T
Yellow (74),Yellow,2/4/2025,"Madhupur, Tangail",27?°C,Cloudy,OnePlus 8T
Yellow (75),Yellow,2/4/2025,"Madhupur, Tangail",27?°C,Cloudy,OnePlus 8T
Yellow (76),Yellow,2/4/2025,"Madhupur, Tangail",27?°C,Cloudy,OnePlus 8T
Yellow (77),Yellow,2/4/2025,"Madhupur, Tangail",27?°C,Cloudy,OnePlus 8T
Yellow (78),Yellow,2/4/2025,"Madhupur, Tangail",27?°C,Cloudy,OnePlus 8T
Yellow (79),Yellow,2/4/2025,"Madhupur, Tangail",27?°C,Cloudy,OnePlus 8T
Yellow (80),Yellow,2/4/2025,"Madhupur, Tangail",27?°C,Cloudy,OnePlus 8T
Yellow (81),Yellow,2/4/2025,"Madhupur, Tangail",27?°C,Cloudy,OnePlus 8T
Yellow (82),Yellow,2/4/2025,"Madhupur, Tangail",27?°C,Cloudy,OnePlus 8T
Yellow (83),Yellow,2/4/2025,"Madhupur, Tangail",27?°C,Cloudy,OnePlus 8T
Yellow (84),Yellow,2/4/2025,"Madhupur, Tangail",27?°C,Cloudy,OnePlus 8T
Yellow (85),Yellow,2/4/2025,"Madhupur, Tangail",27?°C,Cloudy,OnePlus 8T
Yellow (86),Yellow,2/4/2025,"Madhupur, Tangail",27?°C,Cloudy,OnePlus 8T
Yellow (87),Yellow,2/4/2025,"Madhupur, Tangail",27?°C,Cloudy,OnePlus 8T
Yellow (88),Yellow,2/4/2025,"Madhupur, Tangail",27?°C,Cloudy,OnePlus 8T
Yellow (89),Yellow,2/4/2025,"Madhupur, Tangail",27?°C,Cloudy,OnePlus 8T
Yellow (90),Yellow,2/4/2025,"Madhupur, Tangail",27?°C,Cloudy,OnePlus 8T
Yellow (91),Yellow,2/4/2025,"Madhupur, Tangail",27?°C,Cloudy,OnePlus 8T
Yellow (92),Yellow,2/4/2025,"Madhupur, Tangail",27?°C,Cloudy,OnePlus 8T
Yellow (93),Yellow,2/4/2025,"Madhupur, Tangail",27?°C,Cloudy,OnePlus 8T
Yellow (94),Yellow,2/4/2025,"Madhupur, Tangail",27?°C,Cloudy,OnePlus 8T
Yellow (95),Yellow,2/4/2025,"Madhupur, Tangail",27?°C,Cloudy,OnePlus 8T
Yellow (96),Yellow,2/4/2025,"Madhupur, Tangail",27?°C,Cloudy,OnePlus 8T
Yellow (97),Yellow,2/4/2025,"Madhupur, Tangail",27?°C,Cloudy,OnePlus 8T
Yellow (98),Yellow,2/4/2025,"Madhupur, Tangail",27?°C,Cloudy,OnePlus 8T
Yellow (99),Yellow,2/4/2025,"Madhupur, Tangail",27?°C,Cloudy,OnePlus 8T
Yellow (100),Yellow,2/4/2025,"Madhupur, Tangail",27?°C,Cloudy,OnePlus 8T
Yellow (101),Yellow,2/4/2025,"Madhupur, Tangail",27?°C,Cloudy,OnePlus 8T
Yellow (102),Yellow,2/4/2025,"Madhupur, Tangail",27?°C,Cloudy,OnePlus 8T
Yellow (103),Yellow,2/4/2025,"Madhupur, Tangail",27?°C,Cloudy,OnePlus 8T
Yellow (104),Yellow,2/4/2025,"Madhupur, Tangail",27?°C,Cloudy,OnePlus 8T
Yellow (105),Yellow,2/4/2025,"Madhupur, Tangail",27?°C,Cloudy,OnePlus 8T
Yellow (106),Yellow,2/4/2025,"Madhupur, Tangail",27?°C,Cloudy,OnePlus 8T
Yellow (107),Yellow,2/4/2025,"Madhupur, Tangail",27?°C,Cloudy,OnePlus 8T
Yellow (108),Yellow,2/4/2025,"Madhupur, Tangail",27?°C,Cloudy,OnePlus 8T
Yellow (109),Yellow,2/4/2025,"Madhupur, Tangail",27?°C,Cloudy,OnePlus 8T
Yellow (110),Yellow,2/4/2025,"Madhupur, Tangail",27?°C,Cloudy,OnePlus 8T
Yellow (111),Yellow,2/4/2025,"Madhupur, Tangail",27?°C,Cloudy,OnePlus 8T
Yellow (112),Yellow,2/4/2025,"Madhupur, Tangail",27?°C,Cloudy,OnePlus 8T
Yellow (113),Yellow,2/4/2025,"Madhupur, Tangail",27?°C,Cloudy,OnePlus 8T
Yellow (114),Yellow,2/4/2025,"Madhupur, Tangail",27?°C,Cloudy,OnePlus 8T
Yellow (115),Yellow,2/4/2025,"Madhupur, Tangail",27?°C,Cloudy,OnePlus 8T
Yellow (116),Yellow,2/4/2025,"Madhupur, Tangail",27?°C,Cloudy,OnePlus 8T
Yellow (117),Yellow,2/4/2025,"Madhupur, Tangail",27?°C,Cloudy,OnePlus 8T
Yellow (118),Yellow,2/4/2025,"Madhupur, Tangail",27?°C,Cloudy,OnePlus 8T
Yellow (119),Yellow,2/4/2025,"Madhupur, Tangail",27?°C,Cloudy,OnePlus 8T
Yellow (120),Yellow,2/4/2025,"Madhupur, Tangail",27?°C,Cloudy,OnePlus 8T
Yellow (121),Yellow,2/4/2025,"Madhupur, Tangail",27?°C,Cloudy,OnePlus 8T
Yellow (122),Yellow,2/4/2025,"Madhupur, Tangail",27?°C,Cloudy,OnePlus 8T
Yellow (123),Yellow,2/4/2025,"Madhupur, Tangail",27?°C,Cloudy,OnePlus 8T
Yellow (124),Yellow,2/4/2025,"Madhupur, Tangail",27?°C,Cloudy,OnePlus 8T
Yellow (125),Yellow,2/4/2025,"Madhupur, Tangail",27?°C,Cloudy,OnePlus 8T
Yellow (126),Yellow,2/4/2025,"Madhupur, Tangail",27?°C,Cloudy,OnePlus 8T
Yellow (127),Yellow,2/4/2025,"Madhupur, Tangail",27?°C,Cloudy,OnePlus 8T
Yellow (128),Yellow,2/4/2025,"Madhupur, Tangail",27?°C,Cloudy,OnePlus 8T
Yellow (129),Yellow,2/4/2025,"Madhupur, Tangail",27?°C,Cloudy,OnePlus 8T
Yellow (130),Yellow,2/4/2025,"Madhupur, Tangail",27?°C,Cloudy,OnePlus 8T
Yellow (131),Yellow,2/4/2025,"Madhupur, Tangail",27?°C,Cloudy,OnePlus 8T
Yellow (132),Yellow,2/4/2025,"Madhupur, Tangail",27?°C,Cloudy,OnePlus 8T
Yellow (133),Yellow,2/4/2025,"Madhupur, Tangail",27?°C,Cloudy,OnePlus 8T
Yellow (134),Yellow,2/4/2025,"Madhupur, Tangail",27?°C,Cloudy,OnePlus 8T
Yellow (135),Yellow,2/4/2025,"Madhupur, Tangail",27?°C,Cloudy,OnePlus 8T
Yellow (136),Yellow,2/4/2025,"Madhupur, Tangail",27?°C,Cloudy,OnePlus 8T
Yellow (137),Yellow,2/4/2025,"Madhupur, Tangail",27?°C,Cloudy,OnePlus 8T
Yellow (138),Yellow,2/4/2025,"Madhupur, Tangail",27?°C,Cloudy,OnePlus 8T
Yellow (139),Yellow,2/4/2025,"Madhupur, Tangail",27?°C,Cloudy,OnePlus 8T
Yellow (140),Yellow,2/4/2025,"Madhupur, Tangail",27?°C,Cloudy,OnePlus 8T
Yellow (141),Yellow,2/4/2025,"Madhupur, Tangail",27?°C,Cloudy,OnePlus 8T
Yellow (142),Yellow,2/4/2025,"Madhupur, Tangail",27?°C,Cloudy,OnePlus 8T
Yellow (143),Yellow,2/4/2025,"Madhupur, Tangail",27?°C,Cloudy,OnePlus 8T
Yellow (144),Yellow,2/4/2025,"Madhupur, Tangail",27?°C,Cloudy,OnePlus 8T
Yellow (145),Yellow,2/4/2025,"Madhupur, Tangail",27?°C,Cloudy,OnePlus 8T
Yellow (146),Yellow,2/4/2025,"Madhupur, Tangail",27?°C,Cloudy,OnePlus 8T
Yellow (147),Yellow,2/4/2025,"Madhupur, Tangail",27?°C,Cloudy,OnePlus 8T
Yellow (148),Yellow,2/4/2025,"Madhupur, Tangail",27?°C,Cloudy,OnePlus 8T
Yellow (149),Yellow,2/4/2025,"Madhupur, Tangail",27?°C,Cloudy,OnePlus 8T
Yellow (150),Yellow,2/4/2025,"Madhupur, Tangail",27?°C,Cloudy,OnePlus 8T
Yellow (151),Yellow,2/4/2025,"Madhupur, Tangail",27?°C,Cloudy,OnePlus 8T
Yellow (152),Yellow,2/4/2025,"Madhupur, Tangail",27?°C,Cloudy,OnePlus 8T
Yellow (153),Yellow,2/4/2025,"Madhupur, Tangail",27?°C,Cloudy,OnePlus 8T
Yellow (154),Yellow,2/4/2025,"Madhupur, Tangail",27?°C,Cloudy,OnePlus 8T
Yellow (155),Yellow,2/4/2025,"Madhupur, Tangail",27?°C,Cloudy,OnePlus 8T
Yellow (156),Yellow,2/4/2025,"Madhupur, Tangail",27?°C,Cloudy,OnePlus 8T
Yellow (157),Yellow,2/4/2025,"Madhupur, Tangail",27?°C,Cloudy,OnePlus 8T
Yellow (158),Yellow,2/4/2025,"Madhupur, Tangail",27?°C,Cloudy,OnePlus 8T
Yellow (159),Yellow,2/4/2025,"Madhupur, Tangail",27?°C,Cloudy,OnePlus 8T
Yellow (160),Yellow,2/4/2025,"Madhupur, Tangail",27?°C,Cloudy,OnePlus 8T
Yellow (161),Yellow,2/4/2025,"Madhupur, Tangail",27?°C,Cloudy,OnePlus 8T
Yellow (162),Yellow,2/4/2025,"Madhupur, Tangail",27?°C,Cloudy,OnePlus 8T
Yellow (163),Yellow,2/4/2025,"Madhupur, Tangail",27?°C,Cloudy,OnePlus 8T
Yellow (164),Yellow,2/4/2025,"Madhupur, Tangail",27?°C,Cloudy,OnePlus 8T
Yellow (165),Yellow,2/4/2025,"Madhupur, Tangail",27?°C,Cloudy,OnePlus 8T
Yellow (166),Yellow,2/4/2025,"Madhupur, Tangail",27?°C,Cloudy,OnePlus 8T
Yellow (167),Yellow,2/4/2025,"Madhupur, Tangail",27?°C,Cloudy,OnePlus 8T
Yellow (168),Yellow,2/4/2025,"Madhupur, Tangail",27?°C,Cloudy,OnePlus 8T
Yellow (169),Yellow,2/4/2025,"Madhupur, Tangail",27?°C,Cloudy,OnePlus 8T
Yellow (170),Yellow,2/4/2025,"Madhupur, Tangail",27?°C,Cloudy,OnePlus 8T
Yellow (171),Yellow,2/4/2025,"Madhupur, Tangail",27?°C,Cloudy,OnePlus 8T
Yellow (172),Yellow,2/4/2025,"Madhupur, Tangail",27?°C,Cloudy,OnePlus 8T
Yellow (173),Yellow,2/4/2025,"Madhupur, Tangail",27?°C,Cloudy,OnePlus 8T
Yellow (174),Yellow,2/4/2025,"Madhupur, Tangail",27?°C,Cloudy,OnePlus 8T
Yellow (175),Yellow,2/4/2025,"Madhupur, Tangail",27?°C,Cloudy,OnePlus 8T
Yellow (176),Yellow,2/4/2025,"Madhupur, Tangail",27?°C,Cloudy,OnePlus 8T
Yellow (177),Yellow,2/4/2025,"Madhupur, Tangail",27?°C,Cloudy,OnePlus 8T
Yellow (178),Yellow,2/4/2025,"Madhupur, Tangail",27?°C,Cloudy,OnePlus 8T
Yellow (179),Yellow,2/4/2025,"Madhupur, Tangail",27?°C,Cloudy,OnePlus 8T
Yellow (180),Yellow,2/4/2025,"Madhupur, Tangail",27?°C,Cloudy,OnePlus 8T
Yellow (181),Yellow,2/4/2025,"Madhupur, Tangail",27?°C,Cloudy,OnePlus 8T
Yellow (182),Yellow,2/4/2025,"Madhupur, Tangail",27?°C,Cloudy,OnePlus 8T
Yellow (183),Yellow,2/4/2025,"Madhupur, Tangail",27?°C,Cloudy,OnePlus 8T
Yellow (184),Yellow,2/4/2025,"Madhupur, Tangail",27?°C,Cloudy,OnePlus 8T
Yellow (185),Yellow,2/4/2025,"Madhupur, Tangail",27?°C,Cloudy,OnePlus 8T
Yellow (186),Yellow,2/4/2025,"Madhupur, Tangail",27?°C,Cloudy,OnePlus 8T
Yellow (187),Yellow,2/4/2025,"Madhupur, Tangail",27?°C,Cloudy,OnePlus 8T
Yellow (188),Yellow,2/4/2025,"Madhupur, Tangail",27?°C,Cloudy,OnePlus 8T
Yellow (189),Yellow,2/4/2025,"Madhupur, Tangail",27?°C,Cloudy,OnePlus 8T
Yellow (190),Yellow,2/4/2025,"Madhupur, Tangail",27?°C,Cloudy,OnePlus 8T
Yellow (191),Yellow,2/4/2025,"Madhupur, Tangail",27?°C,Cloudy,OnePlus 8T
Yellow (192),Yellow,2/4/2025,"Madhupur, Tangail",27?°C,Cloudy,OnePlus 8T
Yellow (193),Yellow,2/4/2025,"Madhupur, Tangail",27?°C,Cloudy,OnePlus 8T
Yellow (194),Yellow,2/4/2025,"Madhupur, Tangail",27?°C,Cloudy,OnePlus 8T
Yellow (195),Yellow,2/4/2025,"Madhupur, Tangail",27?°C,Cloudy,OnePlus 8T
Yellow (196),Yellow,2/4/2025,"Madhupur, Tangail",27?°C,Cloudy,OnePlus 8T
Yellow (197),Yellow,2/4/2025,"Madhupur, Tangail",27?°C,Cloudy,OnePlus 8T
Yellow (198),Yellow,2/4/2025,"Madhupur, Tangail",27?°C,Cloudy,OnePlus 8T
Yellow (199),Yellow,2/4/2025,"Madhupur, Tangail",27?°C,Cloudy,OnePlus 8T
Yellow (200),Yellow,2/4/2025,"Madhupur, Tangail",27?°C,Cloudy,OnePlus 8T
Yellow (201),Yellow,2/4/2025,"Madhupur, Tangail",27?°C,Cloudy,OnePlus 8T
Yellow (202),Yellow,2/4/2025,"Madhupur, Tangail",27?°C,Cloudy,OnePlus 8T
Yellow (203),Yellow,2/4/2025,"Madhupur, Tangail",27?°C,Cloudy,OnePlus 8T
Yellow (204),Yellow,2/4/2025,"Madhupur, Tangail",27?°C,Cloudy,OnePlus 8T
Yellow (205),Yellow,2/4/2025,"Madhupur, Tangail",27?°C,Cloudy,OnePlus 8T
Yellow (206),Yellow,2/4/2025,"Madhupur, Tangail",27?°C,Cloudy,OnePlus 8T
Yellow (207),Yellow,2/4/2025,"Madhupur, Tangail",27?°C,Cloudy,OnePlus 8T
Yellow (208),Yellow,2/4/2025,"Madhupur, Tangail",27?°C,Cloudy,OnePlus 8T
Yellow (209),Yellow,2/4/2025,"Madhupur, Tangail",27?°C,Cloudy,OnePlus 8T
Yellow (210),Yellow,2/4/2025,"Madhupur, Tangail",27?°C,Cloudy,OnePlus 8T
Yellow (211),Yellow,2/4/2025,"Madhupur, Tangail",27?°C,Cloudy,OnePlus 8T
Yellow (212),Yellow,2/4/2025,"Madhupur, Tangail",27?°C,Cloudy,OnePlus 8T
Yellow (213),Yellow,2/4/2025,"Madhupur, Tangail",27?°C,Cloudy,OnePlus 8T
Yellow (214),Yellow,2/4/2025,"Madhupur, Tangail",27?°C,Cloudy,OnePlus 8T
Yellow (215),Yellow,2/4/2025,"Madhupur, Tangail",27?°C,Cloudy,OnePlus 8T
Yellow (216),Yellow,2/4/2025,"Madhupur, Tangail",27?°C,Cloudy,OnePlus 8T
Yellow (217),Yellow,2/4/2025,"Madhupur, Tangail",27?°C,Cloudy,OnePlus 8T
Yellow (218),Yellow,2/4/2025,"Madhupur, Tangail",27?°C,Cloudy,OnePlus 8T
Yellow (219),Yellow,2/4/2025,"Madhupur, Tangail",27?°C,Cloudy,OnePlus 8T
Yellow (220),Yellow,2/4/2025,"Madhupur, Tangail",27?°C,Cloudy,OnePlus 8T
Yellow (221),Yellow,2/4/2025,"Madhupur, Tangail",27?°C,Cloudy,OnePlus 8T
Yellow (222),Yellow,2/4/2025,"Madhupur, Tangail",27?°C,Cloudy,OnePlus 8T
Yellow (223),Yellow,2/4/2025,"Madhupur, Tangail",27?°C,Cloudy,OnePlus 8T
Yellow (224),Yellow,2/4/2025,"Madhupur, Tangail",27?°C,Cloudy,OnePlus 8T
Yellow (225),Yellow,2/4/2025,"Madhupur, Tangail",27?°C,Cloudy,OnePlus 8T
Yellow (226),Yellow,2/4/2025,"Madhupur, Tangail",27?°C,Cloudy,OnePlus 8T
Yellow (227),Yellow,2/4/2025,"Madhupur, Tangail",27?°C,Cloudy,OnePlus 8T
Yellow (228),Yellow,2/4/2025,"Madhupur, Tangail",27?°C,Cloudy,OnePlus 8T
Yellow (229),Yellow,2/4/2025,"Madhupur, Tangail",27?°C,Cloudy,OnePlus 8T
Yellow (230),Yellow,2/4/2025,"Madhupur, Tangail",27?°C,Cloudy,OnePlus 8T
Yellow (231),Yellow,2/4/2025,"Madhupur, Tangail",27?°C,Cloudy,OnePlus 8T
Yellow (232),Yellow,2/4/2025,"Madhupur, Tangail",27?°C,Cloudy,OnePlus 8T
Yellow (233),Yellow,2/4/2025,"Madhupur, Tangail",27?°C,Cloudy,OnePlus 8T
Yellow (234),Yellow,2/4/2025,"Madhupur, Tangail",27?°C,Cloudy,OnePlus 8T
Yellow (235),Yellow,2/4/2025,"Madhupur, Tangail",27?°C,Cloudy,OnePlus 8T
Yellow (236),Yellow,2/4/2025,"Madhupur, Tangail",27?°C,Cloudy,OnePlus 8T
Yellow (237),Yellow,2/4/2025,"Madhupur, Tangail",27?°C,Cloudy,OnePlus 8T
Yellow (238),Yellow,2/4/2025,"Madhupur, Tangail",27?°C,Cloudy,OnePlus 8T
Yellow (239),Yellow,2/4/2025,"Madhupur, Tangail",27?°C,Cloudy,OnePlus 8T
Yellow (240),Yellow,2/4/2025,"Madhupur, Tangail",27?°C,Cloudy,OnePlus 8T
Yellow (241),Yellow,2/4/2025,"Madhupur, Tangail",27?°C,Cloudy,OnePlus 8T
Yellow (242),Yellow,2/4/2025,"Madhupur, Tangail",27?°C,Cloudy,OnePlus 8T
Yellow (243),Yellow,2/4/2025,"Madhupur, Tangail",27?°C,Cloudy,OnePlus 8T
Yellow (244),Yellow,2/4/2025,"Madhupur, Tangail",27?°C,Cloudy,OnePlus 8T
Yellow (245),Yellow,2/4/2025,"Madhupur, Tangail",27?°C,Cloudy,OnePlus 8T
Yellow (246),Yellow,2/4/2025,"Madhupur, Tangail",27?°C,Cloudy,OnePlus 8T
Yellow (247),Yellow,2/4/2025,"Madhupur, Tangail",27?°C,Cloudy,OnePlus 8T
Yellow (248),Yellow,2/4/2025,"Madhupur, Tangail",27?°C,Cloudy,OnePlus 8T
Yellow (249),Yellow,2/4/2025,"Madhupur, Tangail",27?°C,Cloudy,OnePlus 8T
Yellow (250),Yellow,2/4/2025,"Madhupur, Tangail",27?°C,Cloudy,OnePlus 8T
Yellow (251),Yellow,2/4/2025,"Madhupur, Tangail",27?°C,Cloudy,OnePlus 8T
Yellow (252),Yellow,2/4/2025,"Madhupur, Tangail",27?°C,Cloudy,OnePlus 8T
Yellow (253),Yellow,2/4/2025,"Madhupur, Tangail",27?°C,Cloudy,OnePlus 8T
Yellow (254),Yellow,2/4/2025,"Madhupur, Tangail",27?°C,Cloudy,OnePlus 8T
Yellow (255),Yellow,2/4/2025,"Madhupur, Tangail",27?°C,Cloudy,OnePlus 8T
Yellow (256),Yellow,2/4/2025,"Madhupur, Tangail",27?°C,Cloudy,OnePlus 8T
Yellow (257),Yellow,2/4/2025,"Madhupur, Tangail",27?°C,Cloudy,OnePlus 8T
Yellow (258),Yellow,2/4/2025,"Madhupur, Tangail",27?°C,Cloudy,OnePlus 8T
Yellow (259),Yellow,2/4/2025,"Madhupur, Tangail",27?°C,Cloudy,OnePlus 8T
Yellow (260),Yellow,2/4/2025,"Madhupur, Tangail",27?°C,Cloudy,OnePlus 8T
Yellow (261),Yellow,2/4/2025,"Madhupur, Tangail",27?°C,Cloudy,OnePlus 8T
Yellow (262),Yellow,2/4/2025,"Madhupur, Tangail",27?°C,Cloudy,OnePlus 8T
Yellow (263),Yellow,2/4/2025,"Madhupur, Tangail",27?°C,Cloudy,OnePlus 8T
Yellow (264),Yellow,2/4/2025,"Madhupur, Tangail",27?°C,Cloudy,OnePlus 8T
Yellow (265),Yellow,2/4/2025,"Madhupur, Tangail",27?°C,Cloudy,OnePlus 8T
Yellow (266),Yellow,2/4/2025,"Madhupur, Tangail",27?°C,Cloudy,OnePlus 8T
Yellow (267),Yellow,2/4/2025,"Madhupur, Tangail",27?°C,Cloudy,OnePlus 8T
Yellow (268),Yellow,2/4/2025,"Madhupur, Tangail",27?°C,Cloudy,OnePlus 8T
Yellow (269),Yellow,2/4/2025,"Madhupur, Tangail",27?°C,Cloudy,OnePlus 8T
Yellow (270),Yellow,2/4/2025,"Madhupur, Tangail",27?°C,Cloudy,OnePlus 8T
Yellow (271),Yellow,2/4/2025,"Madhupur, Tangail",27?°C,Cloudy,OnePlus 8T
Yellow (272),Yellow,2/4/2025,"Madhupur, Tangail",27?°C,Cloudy,OnePlus 8T
Yellow (273),Yellow,2/4/2025,"Madhupur, Tangail",27?°C,Cloudy,OnePlus 8T
Yellow (274),Yellow,2/4/2025,"Madhupur, Tangail",27?°C,Cloudy,OnePlus 8T
Yellow (275),Yellow,2/4/2025,"Madhupur, Tangail",27?°C,Cloudy,OnePlus 8T
Yellow (276),Yellow,2/4/2025,"Madhupur, Tangail",27?°C,Cloudy,OnePlus 8T
Yellow (277),Yellow,2/4/2025,"Madhupur, Tangail",27?°C,Cloudy,OnePlus 8T
Yellow (278),Yellow,2/4/2025,"Madhupur, Tangail",27?°C,Cloudy,OnePlus 8T
Yellow (279),Yellow,2/4/2025,"Madhupur, Tangail",27?°C,Cloudy,OnePlus 8T
Yellow (280),Yellow,2/4/2025,"Madhupur, Tangail",27?°C,Cloudy,OnePlus 8T
Yellow (281),Yellow,2/4/2025,"Madhupur, Tangail",27?°C,Cloudy,OnePlus 8T
Yellow (282),Yellow,2/4/2025,"Madhupur, Tangail",27?°C,Cloudy,OnePlus 8T
Yellow (283),Yellow,2/4/2025,"Madhupur, Tangail",27?°C,Cloudy,OnePlus 8T
Yellow (284),Yellow,2/4/2025,"Madhupur, Tangail",27?°C,Cloudy,OnePlus 8T
Yellow (285),Yellow,2/4/2025,"Madhupur, Tangail",27?°C,Cloudy,OnePlus 8T
Yellow (286),Yellow,2/4/2025,"Madhupur, Tangail",27?°C,Cloudy,OnePlus 8T
Yellow (287),Yellow,2/4/2025,"Madhupur, Tangail",27?°C,Cloudy,OnePlus 8T
Yellow (288),Yellow,2/4/2025,"Madhupur, Tangail",27?°C,Cloudy,OnePlus 8T
Yellow (289),Yellow,2/4/2025,"Madhupur, Tangail",27?°C,Cloudy,OnePlus 8T
Yellow (290),Yellow,2/4/2025,"Madhupur, Tangail",27?°C,Cloudy,OnePlus 8T
Yellow (291),Yellow,2/4/2025,"Madhupur, Tangail",27?°C,Cloudy,OnePlus 8T
Yellow (292),Yellow,2/4/2025,"Madhupur, Tangail",27?°C,Cloudy,OnePlus 8T
Yellow (293),Yellow,2/4/2025,"Madhupur, Tangail",27?°C,Cloudy,OnePlus 8T
Yellow (294),Yellow,2/4/2025,"Madhupur, Tangail",27?°C,Cloudy,OnePlus 8T
Yellow (295),Yellow,2/4/2025,"Madhupur, Tangail",27?°C,Cloudy,OnePlus 8T
Yellow (296),Yellow,2/4/2025,"Madhupur, Tangail",27?°C,Cloudy,OnePlus 8T
Yellow (297),Yellow,2/4/2025,"Madhupur, Tangail",27?°C,Cloudy,OnePlus 8T
Yellow (298),Yellow,2/4/2025,"Madhupur, Tangail",27?°C,Cloudy,OnePlus 8T
Yellow (299),Yellow,2/4/2025,"Madhupur, Tangail",27?°C,Cloudy,OnePlus 8T
Yellow (300),Yellow,2/4/2025,"Madhupur, Tangail",27?°C,Cloudy,OnePlus 8T
Yellow (301),Yellow,2/4/2025,"Madhupur, Tangail",27?°C,Cloudy,OnePlus 8T
Yellow (302),Yellow,2/4/2025,"Madhupur, Tangail",27?°C,Cloudy,OnePlus 8T
Yellow (303),Yellow,2/4/2025,"Madhupur, Tangail",27?°C,Cloudy,OnePlus 8T
Yellow (304),Yellow,2/4/2025,"Madhupur, Tangail",27?°C,Cloudy,OnePlus 8T
Yellow (305),Yellow,2/4/2025,"Madhupur, Tangail",27?°C,Cloudy,OnePlus 8T
Yellow (306),Yellow,2/4/2025,"Madhupur, Tangail",27?°C,Cloudy,OnePlus 8T
Yellow (307),Yellow,2/4/2025,"Madhupur, Tangail",27?°C,Cloudy,OnePlus 8T
Yellow (308),Yellow,2/4/2025,"Madhupur, Tangail",27?°C,Cloudy,OnePlus 8T
Yellow (309),Yellow,2/4/2025,"Madhupur, Tangail",27?°C,Cloudy,OnePlus 8T
Yellow (310),Yellow,2/4/2025,"Madhupur, Tangail",27?°C,Cloudy,OnePlus 8T
Yellow (311),Yellow,2/4/2025,"Madhupur, Tangail",27?°C,Cloudy,OnePlus 8T
Yellow (312),Yellow,2/4/2025,"Madhupur, Tangail",27?°C,Cloudy,OnePlus 8T
Yellow (313),Yellow,2/4/2025,"Madhupur, Tangail",27?°C,Cloudy,OnePlus 8T
Yellow (314),Yellow,2/4/2025,"Madhupur, Tangail",27?°C,Cloudy,OnePlus 8T
Yellow (315),Yellow,2/4/2025,"Madhupur, Tangail",27?°C,Cloudy,OnePlus 8T
Yellow (316),Yellow,2/4/2025,"Madhupur, Tangail",27?°C,Cloudy,OnePlus 8T
Yellow (317),Yellow,2/4/2025,"Madhupur, Tangail",27?°C,Cloudy,OnePlus 8T
Yellow (318),Yellow,2/4/2025,"Madhupur, Tangail",27?°C,Cloudy,OnePlus 8T
Yellow (319),Yellow,2/4/2025,"Madhupur, Tangail",27?°C,Cloudy,OnePlus 8T
Yellow (320),Yellow,2/4/2025,"Madhupur, Tangail",27?°C,Cloudy,OnePlus 8T
Yellow (321),Yellow,2/4/2025,"Madhupur, Tangail",27?°C,Cloudy,OnePlus 8T
Yellow (322),Yellow,2/4/2025,"Madhupur, Tangail",27?°C,Cloudy,OnePlus 8T
Yellow (323),Yellow,2/4/2025,"Madhupur, Tangail",27?°C,Cloudy,OnePlus 8T
Yellow (324),Yellow,2/4/2025,"Madhupur, Tangail",27?°C,Cloudy,OnePlus 8T
Yellow (325),Yellow,2/4/2025,"Madhupur, Tangail",27?°C,Cloudy,OnePlus 8T
Yellow (326),Yellow,2/4/2025,"Madhupur, Tangail",27?°C,Cloudy,OnePlus 8T
Yellow (327),Yellow,2/4/2025,"Madhupur, Tangail",27?°C,Cloudy,OnePlus 8T
Yellow (328),Yellow,2/4/2025,"Madhupur, Tangail",27?°C,Cloudy,OnePlus 8T
Yellow (329),Yellow,2/4/2025,"Madhupur, Tangail",27?°C,Cloudy,OnePlus 8T
Yellow (330),Yellow,2/4/2025,"Madhupur, Tangail",27?°C,Cloudy,OnePlus 8T
Yellow (331),Yellow,2/4/2025,"Madhupur, Tangail",27?°C,Cloudy,OnePlus 8T
Yellow (332),Yellow,2/4/2025,"Madhupur, Tangail",27?°C,Cloudy,OnePlus 8T
Yellow (333),Yellow,2/4/2025,"Madhupur, Tangail",27?°C,Cloudy,OnePlus 8T
Yellow (334),Yellow,2/4/2025,"Madhupur, Tangail",27?°C,Cloudy,OnePlus 8T
Yellow (335),Yellow,2/4/2025,"Madhupur, Tangail",27?°C,Cloudy,OnePlus 8T
Yellow (336),Yellow,2/4/2025,"Madhupur, Tangail",27?°C,Cloudy,OnePlus 8T
Yellow (337),Yellow,2/4/2025,"Madhupur, Tangail",27?°C,Cloudy,OnePlus 8T
Yellow (338),Yellow,2/4/2025,"Madhupur, Tangail",27?°C,Cloudy,OnePlus 8T
Yellow (339),Yellow,2/4/2025,"Madhupur, Tangail",27?°C,Cloudy,OnePlus 8T
Yellow (340),Yellow,2/4/2025,"Madhupur, Tangail",27?°C,Cloudy,OnePlus 8T
Yellow (341),Yellow,2/4/2025,"Madhupur, Tangail",27?°C,Cloudy,OnePlus 8T
Yellow (342),Yellow,2/4/2025,"Madhupur, Tangail",27?°C,Cloudy,OnePlus 8T
Yellow (343),Yellow,2/4/2025,"Madhupur, Tangail",27?°C,Cloudy,OnePlus 8T
Yellow (344),Yellow,2/4/2025,"Madhupur, Tangail",27?°C,Cloudy,OnePlus 8T
Yellow (345),Yellow,2/4/2025,"Madhupur, Tangail",27?°C,Cloudy,OnePlus 8T
Yellow (346),Yellow,2/4/2025,"Madhupur, Tangail",27?°C,Cloudy,OnePlus 8T
Yellow (347),Yellow,2/4/2025,"Madhupur, Tangail",27?°C,Cloudy,OnePlus 8T
Yellow (348),Yellow,2/4/2025,"Madhupur, Tangail",27?°C,Cloudy,OnePlus 8T
Yellow (349),Yellow,2/4/2025,"Madhupur, Tangail",27?°C,Cloudy,OnePlus 8T
Yellow (350),Yellow,2/4/2025,"Madhupur, Tangail",27?°C,Cloudy,OnePlus 8T
Yellow (351),Yellow,2/4/2025,"Madhupur, Tangail",27?°C,Cloudy,OnePlus 8T
Yellow (352),Yellow,2/4/2025,"Madhupur, Tangail",27?°C,Cloudy,OnePlus 8T
Yellow (353),Yellow,2/4/2025,"Madhupur, Tangail",27?°C,Cloudy,OnePlus 8T
Yellow (354),Yellow,2/4/2025,"Madhupur, Tangail",27?°C,Cloudy,OnePlus 8T
Yellow (355),Yellow,2/4/2025,"Madhupur, Tangail",27?°C,Cloudy,OnePlus 8T
Yellow (356),Yellow,2/4/2025,"Madhupur, Tangail",27?°C,Cloudy,OnePlus 8T
Yellow (357),Yellow,2/4/2025,"Madhupur, Tangail",27?°C,Cloudy,OnePlus 8T
Yellow (358),Yellow,2/4/2025,"Madhupur, Tangail",27?°C,Cloudy,OnePlus 8T
Yellow (359),Yellow,2/4/2025,"Madhupur, Tangail",27?°C,Cloudy,OnePlus 8T
Yellow (360),Yellow,2/4/2025,"Madhupur, Tangail",27?°C,Cloudy,OnePlus 8T
Yellow (361),Yellow,2/4/2025,"Madhupur, Tangail",27?°C,Cloudy,OnePlus 8T
Yellow (362),Yellow,2/4/2025,"Madhupur, Tangail",27?°C,Cloudy,OnePlus 8T
Yellow (363),Yellow,2/4/2025,"Madhupur, Tangail",27?°C,Cloudy,OnePlus 8T
Yellow (364),Yellow,2/4/2025,"Madhupur, Tangail",27?°C,Cloudy,OnePlus 8T
Yellow (365),Yellow,2/4/2025,"Madhupur, Tangail",27?°C,Cloudy,OnePlus 8T
Yellow (366),Yellow,2/4/2025,"Madhupur, Tangail",27?°C,Cloudy,OnePlus 8T
Yellow (367),Yellow,2/4/2025,"Madhupur, Tangail",27?°C,Cloudy,OnePlus 8T
Yellow (368),Yellow,2/4/2025,"Madhupur, Tangail",27?°C,Cloudy,OnePlus 8T
Yellow (369),Yellow,2/4/2025,"Madhupur, Tangail",27?°C,Cloudy,OnePlus 8T
Yellow (370),Yellow,2/4/2025,"Madhupur, Tangail",27?°C,Cloudy,OnePlus 8T
Yellow (371),Yellow,2/4/2025,"Madhupur, Tangail",27?°C,Cloudy,OnePlus 8T
Yellow (372),Yellow,2/4/2025,"Madhupur, Tangail",27?°C,Cloudy,OnePlus 8T
Yellow (373),Yellow,2/4/2025,"Madhupur, Tangail",27?°C,Cloudy,OnePlus 8T
Yellow (374),Yellow,2/4/2025,"Madhupur, Tangail",27?°C,Cloudy,OnePlus 8T
Yellow (375),Yellow,2/4/2025,"Madhupur, Tangail",27?°C,Cloudy,OnePlus 8T
Yellow (376),Yellow,2/4/2025,"Madhupur, Tangail",27?°C,Cloudy,OnePlus 8T
Yellow (377),Yellow,2/4/2025,"Madhupur, Tangail",27?°C,Cloudy,OnePlus 8T
Yellow (378),Yellow,2/4/2025,"Madhupur, Tangail",27?°C,Cloudy,OnePlus 8T
Yellow (379),Yellow,2/4/2025,"Madhupur, Tangail",27?°C,Cloudy,OnePlus 8T
Yellow (380),Yellow,2/4/2025,"Madhupur, Tangail",27?°C,Cloudy,OnePlus 8T
Yellow (381),Yellow,2/4/2025,"Madhupur, Tangail",27?°C,Cloudy,OnePlus 8T
Yellow (382),Yellow,2/4/2025,"Madhupur, Tangail",27?°C,Cloudy,OnePlus 8T
Yellow (383),Yellow,2/4/2025,"Madhupur, Tangail",27?°C,Cloudy,OnePlus 8T
Yellow (384),Yellow,2/4/2025,"Madhupur, Tangail",27?°C,Cloudy,OnePlus 8T
Yellow (385),Yellow,2/4/2025,"Madhupur, Tangail",27?°C,Cloudy,OnePlus 8T
Yellow (386),Yellow,2/4/2025,"Madhupur, Tangail",27?°C,Cloudy,OnePlus 8T
Yellow (387),Yellow,2/4/2025,"Madhupur, Tangail",27?°C,Cloudy,OnePlus 8T
Yellow (388),Yellow,2/4/2025,"Madhupur, Tangail",27?°C,Cloudy,OnePlus 8T
Yellow (389),Yellow,2/4/2025,"Madhupur, Tangail",27?°C,Cloudy,OnePlus 8T
Yellow (390),Yellow,2/4/2025,"Madhupur, Tangail",27?°C,Cloudy,OnePlus 8T
Yellow (391),Yellow,2/4/2025,"Madhupur, Tangail",27?°C,Cloudy,OnePlus 8T
Yellow (392),Yellow,2/4/2025,"Madhupur, Tangail",27?°C,Cloudy,OnePlus 8T
Yellow (393),Yellow,2/4/2025,"Madhupur, Tangail",27?°C,Cloudy,OnePlus 8T
Yellow (394),Yellow,2/4/2025,"Madhupur, Tangail",27?°C,Cloudy,OnePlus 8T
Yellow (395),Yellow,2/4/2025,"Madhupur, Tangail",27?°C,Cloudy,OnePlus 8T
Yellow (396),Yellow,2/4/2025,"Madhupur, Tangail",27?°C,Cloudy,OnePlus 8T
Yellow (397),Yellow,2/4/2025,"Madhupur, Tangail",27?°C,Cloudy,OnePlus 8T
Yellow (398),Yellow,2/4/2025,"Madhupur, Tangail",27?°C,Cloudy,OnePlus 8T
Yellow (399),Yellow,2/4/2025,"Madhupur, Tangail",27?°C,Cloudy,OnePlus 8T
Yellow (400),Yellow,2/4/2025,"Madhupur, Tangail",27?°C,Cloudy,OnePlus 8T
Yellow (401),Yellow,2/4/2025,"Madhupur, Tangail",27?°C,Cloudy,OnePlus 8T
Yellow (402),Yellow,2/4/2025,"Madhupur, Tangail",27?°C,Cloudy,OnePlus 8T
Yellow (403),Yellow,2/4/2025,"Madhupur, Tangail",27?°C,Cloudy,OnePlus 8T
Yellow (404),Yellow,2/4/2025,"Madhupur, Tangail",27?°C,Cloudy,OnePlus 8T
Yellow (405),Yellow,2/4/2025,"Madhupur, Tangail",27?°C,Cloudy,OnePlus 8T
Yellow (406),Yellow,2/4/2025,"Madhupur, Tangail",27?°C,Cloudy,OnePlus 8T
Yellow (407),Yellow,2/4/2025,"Madhupur, Tangail",27?°C,Cloudy,OnePlus 8T
Yellow (408),Yellow,2/4/2025,"Madhupur, Tangail",27?°C,Cloudy,OnePlus 8T
Yellow (409),Yellow,2/4/2025,"Madhupur, Tangail",27?°C,Cloudy,OnePlus 8T
Yellow (410),Yellow,2/4/2025,"Madhupur, Tangail",27?°C,Cloudy,OnePlus 8T
Yellow (411),Yellow,2/4/2025,"Madhupur, Tangail",27?°C,Cloudy,OnePlus 8T
Yellow (412),Yellow,2/4/2025,"Madhupur, Tangail",27?°C,Cloudy,OnePlus 8T
Yellow (413),Yellow,2/4/2025,"Madhupur, Tangail",27?°C,Cloudy,OnePlus 8T
Yellow (414),Yellow,2/4/2025,"Madhupur, Tangail",27?°C,Cloudy,OnePlus 8T
Yellow (415),Yellow,2/4/2025,"Madhupur, Tangail",27?°C,Cloudy,OnePlus 8T
Yellow (416),Yellow,2/4/2025,"Madhupur, Tangail",27?°C,Cloudy,OnePlus 8T
Yellow (417),Yellow,2/4/2025,"Madhupur, Tangail",27?°C,Cloudy,OnePlus 8T
Yellow (418),Yellow,2/4/2025,"Madhupur, Tangail",27?°C,Cloudy,OnePlus 8T
Yellow (419),Yellow,2/4/2025,"Madhupur, Tangail",27?°C,Cloudy,OnePlus 8T
Yellow (420),Yellow,2/4/2025,"Madhupur, Tangail",27?°C,Cloudy,OnePlus 8T
Yellow (421),Yellow,2/4/2025,"Madhupur, Tangail",27?°C,Cloudy,OnePlus 8T
Yellow (422),Yellow,2/4/2025,"Madhupur, Tangail",27?°C,Cloudy,OnePlus 8T
Yellow (423),Yellow,2/4/2025,"Madhupur, Tangail",27?°C,Cloudy,OnePlus 8T
Yellow (424),Yellow,2/4/2025,"Madhupur, Tangail",27?°C,Cloudy,OnePlus 8T
Yellow (425),Yellow,2/4/2025,"Madhupur, Tangail",27?°C,Cloudy,OnePlus 8T
Yellow (426),Yellow,2/4/2025,"Madhupur, Tangail",27?°C,Cloudy,OnePlus 8T
Yellow (427),Yellow,2/4/2025,"Madhupur, Tangail",27?°C,Cloudy,OnePlus 8T
Yellow (428),Yellow,2/4/2025,"Madhupur, Tangail",27?°C,Cloudy,OnePlus 8T
Yellow (429),Yellow,2/4/2025,"Madhupur, Tangail",27?°C,Cloudy,OnePlus 8T
Yellow (430),Yellow,2/4/2025,"Madhupur, Tangail",27?°C,Cloudy,OnePlus 8T
Yellow (431),Yellow,2/4/2025,"Madhupur, Tangail",27?°C,Cloudy,OnePlus 8T
Yellow (432),Yellow,2/4/2025,"Madhupur, Tangail",27?°C,Cloudy,OnePlus 8T
Yellow (433),Yellow,2/4/2025,"Madhupur, Tangail",27?°C,Cloudy,OnePlus 8T
Yellow (434),Yellow,2/4/2025,"Madhupur, Tangail",27?°C,Cloudy,OnePlus 8T
Yellow (435),Yellow,2/4/2025,"Madhupur, Tangail",27?°C,Cloudy,OnePlus 8T
Yellow (436),Yellow,2/4/2025,"Madhupur, Tangail",27?°C,Cloudy,OnePlus 8T
Yellow (437),Yellow,2/4/2025,"Madhupur, Tangail",27?°C,Cloudy,OnePlus 8T
Yellow (438),Yellow,2/4/2025,"Madhupur, Tangail",27?°C,Cloudy,OnePlus 8T
Yellow (439),Yellow,2/4/2025,"Madhupur, Tangail",27?°C,Cloudy,OnePlus 8T
Yellow (440),Yellow,2/4/2025,"Madhupur, Tangail",27?°C,Cloudy,OnePlus 8T
Yellow (441),Yellow,2/4/2025,"Madhupur, Tangail",27?°C,Cloudy,OnePlus 8T
Yellow (442),Yellow,2/4/2025,"Madhupur, Tangail",27?°C,Cloudy,OnePlus 8T
Yellow (443),Yellow,2/4/2025,"Madhupur, Tangail",27?°C,Cloudy,OnePlus 8T
Yellow (444),Yellow,2/4/2025,"Madhupur, Tangail",27?°C,Cloudy,OnePlus 8T
Yellow (445),Yellow,2/4/2025,"Madhupur, Tangail",27?°C,Cloudy,OnePlus 8T
Yellow (446),Yellow,2/4/2025,"Madhupur, Tangail",27?°C,Cloudy,OnePlus 8T
Yellow (447),Yellow,2/4/2025,"Madhupur, Tangail",27?°C,Cloudy,OnePlus 8T
Yellow (448),Yellow,2/4/2025,"Madhupur, Tangail",27?°C,Cloudy,OnePlus 8T
Yellow (449),Yellow,2/4/2025,"Madhupur, Tangail",27?°C,Cloudy,OnePlus 8T
Yellow (450),Yellow,2/4/2025,"Madhupur, Tangail",27?°C,Cloudy,OnePlus 8T
Yellow (451),Yellow,2/4/2025,"Madhupur, Tangail",27?°C,Cloudy,OnePlus 8T
Yellow (452),Yellow,2/4/2025,"Madhupur, Tangail",27?°C,Cloudy,OnePlus 8T
Yellow (453),Yellow,2/4/2025,"Madhupur, Tangail",27?°C,Cloudy,OnePlus 8T
Yellow (454),Yellow,2/4/2025,"Madhupur, Tangail",27?°C,Cloudy,OnePlus 8T
Yellow (455),Yellow,2/4/2025,"Madhupur, Tangail",27?°C,Cloudy,OnePlus 8T
Yellow (456),Yellow,2/4/2025,"Madhupur, Tangail",27?°C,Cloudy,OnePlus 8T
Yellow (457),Yellow,2/4/2025,"Madhupur, Tangail",27?°C,Cloudy,OnePlus 8T
Yellow (458),Yellow,2/4/2025,"Madhupur, Tangail",27?°C,Cloudy,OnePlus 8T
Yellow (459),Yellow,2/4/2025,"Madhupur, Tangail",27?°C,Cloudy,OnePlus 8T
Yellow (460),Yellow,2/4/2025,"Madhupur, Tangail",27?°C,Cloudy,OnePlus 8T
Yellow (461),Yellow,2/4/2025,"Madhupur, Tangail",27?°C,Cloudy,OnePlus 8T
Yellow (462),Yellow,2/4/2025,"Madhupur, Tangail",27?°C,Cloudy,OnePlus 8T
Yellow (463),Yellow,2/4/2025,"Madhupur, Tangail",27?°C,Cloudy,OnePlus 8T
Yellow (464),Yellow,2/4/2025,"Madhupur, Tangail",27?°C,Cloudy,OnePlus 8T
Yellow (465),Yellow,2/4/2025,"Madhupur, Tangail",27?°C,Cloudy,OnePlus 8T
Yellow (466),Yellow,2/4/2025,"Madhupur, Tangail",27?°C,Cloudy,OnePlus 8T
Yellow (467),Yellow,2/4/2025,"Madhupur, Tangail",27?°C,Cloudy,OnePlus 8T
Yellow (468),Yellow,2/4/2025,"Madhupur, Tangail",27?°C,Cloudy,OnePlus 8T
Yellow (469),Yellow,2/4/2025,"Madhupur, Tangail",27?°C,Cloudy,OnePlus 8T
Yellow (470),Yellow,2/4/2025,"Madhupur, Tangail",27?°C,Cloudy,OnePlus 8T
Yellow (471),Yellow,2/4/2025,"Madhupur, Tangail",27?°C,Cloudy,OnePlus 8T
Yellow (472),Yellow,2/4/2025,"Madhupur, Tangail",27?°C,Cloudy,OnePlus 8T
Yellow (473),Yellow,2/4/2025,"Madhupur, Tangail",27?°C,Cloudy,OnePlus 8T
Yellow (474),Yellow,2/4/2025,"Madhupur, Tangail",27?°C,Cloudy,OnePlus 8T
Yellow (475),Yellow,2/4/2025,"Madhupur, Tangail",27?°C,Cloudy,OnePlus 8T
Yellow (476),Yellow,2/4/2025,"Madhupur, Tangail",27?°C,Cloudy,OnePlus 8T
Yellow (477),Yellow,2/4/2025,"Madhupur, Tangail",27?°C,Cloudy,OnePlus 8T
Yellow (478),Yellow,2/4/2025,"Madhupur, Tangail",27?°C,Cloudy,OnePlus 8T
Yellow (479),Yellow,2/4/2025,"Madhupur, Tangail",27?°C,Cloudy,OnePlus 8T
Yellow (480),Yellow,2/4/2025,"Madhupur, Tangail",27?°C,Cloudy,OnePlus 8T
Yellow (481),Yellow,2/4/2025,"Madhupur, Tangail",27?°C,Cloudy,OnePlus 8T
Yellow (482),Yellow,2/4/2025,"Madhupur, Tangail",27?°C,Cloudy,OnePlus 8T
Yellow (483),Yellow,2/4/2025,"Madhupur, Tangail",27?°C,Cloudy,OnePlus 8T
Yellow (484),Yellow,2/4/2025,"Madhupur, Tangail",27?°C,Cloudy,OnePlus 8T
Yellow (485),Yellow,2/4/2025,"Madhupur, Tangail",27?°C,Cloudy,OnePlus 8T
Yellow (486),Yellow,2/4/2025,"Madhupur, Tangail",27?°C,Cloudy,OnePlus 8T
Yellow (487),Yellow,2/4/2025,"Madhupur, Tangail",27?°C,Cloudy,OnePlus 8T
Yellow (488),Yellow,2/4/2025,"Madhupur, Tangail",27?°C,Cloudy,OnePlus 8T
Yellow (489),Yellow,2/4/2025,"Madhupur, Tangail",27?°C,Cloudy,OnePlus 8T
Yellow (490),Yellow,2/4/2025,"Madhupur, Tangail",27?°C,Cloudy,OnePlus 8T
Yellow (491),Yellow,2/4/2025,"Madhupur, Tangail",27?°C,Cloudy,OnePlus 8T
Yellow (492),Yellow,2/4/2025,"Madhupur, Tangail",27?°C,Cloudy,OnePlus 8T
Yellow (493),Yellow,2/4/2025,"Madhupur, Tangail",27?°C,Cloudy,OnePlus 8T
Yellow (494),Yellow,2/4/2025,"Madhupur, Tangail",27?°C,Cloudy,OnePlus 8T
Yellow (495),Yellow,2/4/2025,"Madhupur, Tangail",27?°C,Cloudy,OnePlus 8T
Yellow (496),Yellow,2/4/2025,"Madhupur, Tangail",27?°C,Cloudy,OnePlus 8T
Yellow (497),Yellow,2/4/2025,"Madhupur, Tangail",27?°C,Cloudy,OnePlus 8T
Yellow (498),Yellow,2/4/2025,"Madhupur, Tangail",27?°C,Cloudy,OnePlus 8T
Yellow (499),Yellow,2/4/2025,"Madhupur, Tangail",27?°C,Cloudy,OnePlus 8T
Yellow (500),Yellow,2/4/2025,"Madhupur, Tangail",27?°C,Cloudy,OnePlus 8T
Yellow (501),Yellow,2/4/2025,"Madhupur, Tangail",27?°C,Cloudy,OnePlus 8T
Yellow (502),Yellow,2/4/2025,"Madhupur, Tangail",27?°C,Cloudy,OnePlus 8T
Yellow (503),Yellow,2/4/2025,"Madhupur, Tangail",27?°C,Cloudy,OnePlus 8T
Yellow (504),Yellow,2/4/2025,"Madhupur, Tangail",27?°C,Cloudy,OnePlus 8T
Yellow (505),Yellow,2/4/2025,"Madhupur, Tangail",27?°C,Cloudy,OnePlus 8T
Yellow (506),Yellow,2/4/2025,"Madhupur, Tangail",27?°C,Cloudy,OnePlus 8T
Yellow (507),Yellow,2/4/2025,"Madhupur, Tangail",27?°C,Cloudy,OnePlus 8T
Yellow (508),Yellow,2/4/2025,"Madhupur, Tangail",27?°C,Cloudy,OnePlus 8T
Yellow (509),Yellow,2/4/2025,"Madhupur, Tangail",27?°C,Cloudy,OnePlus 8T
Yellow (510),Yellow,2/4/2025,"Madhupur, Tangail",27?°C,Cloudy,OnePlus 8T
Yellow (511),Yellow,2/4/2025,"Madhupur, Tangail",27?°C,Cloudy,OnePlus 8T
Yellow (512),Yellow,2/4/2025,"Madhupur, Tangail",27?°C,Cloudy,OnePlus 8T
Yellow (513),Yellow,2/4/2025,"Madhupur, Tangail",27?°C,Cloudy,OnePlus 8T
Yellow (514),Yellow,2/4/2025,"Madhupur, Tangail",27?°C,Cloudy,OnePlus 8T
Yellow (515),Yellow,2/4/2025,"Madhupur, Tangail",27?°C,Cloudy,OnePlus 8T
Yellow (516),Yellow,2/4/2025,"Madhupur, Tangail",27?°C,Cloudy,OnePlus 8T
Yellow (517),Yellow,2/4/2025,"Madhupur, Tangail",27?°C,Cloudy,OnePlus 8T
Yellow (518),Yellow,2/4/2025,"Madhupur, Tangail",27?°C,Cloudy,OnePlus 8T
Yellow (519),Yellow,2/4/2025,"Madhupur, Tangail",27?°C,Cloudy,OnePlus 8T
Yellow (520),Yellow,2/4/2025,"Madhupur, Tangail",27?°C,Cloudy,OnePlus 8T
Yellow (521),Yellow,2/4/2025,"Madhupur, Tangail",27?°C,Cloudy,OnePlus 8T
Yellow (522),Yellow,2/4/2025,"Madhupur, Tangail",27?°C,Cloudy,OnePlus 8T
Yellow (523),Yellow,2/4/2025,"Madhupur, Tangail",27?°C,Cloudy,OnePlus 8T
Yellow (524),Yellow,2/4/2025,"Madhupur, Tangail",27?°C,Cloudy,OnePlus 8T
Yellow (525),Yellow,2/4/2025,"Madhupur, Tangail",27?°C,Cloudy,OnePlus 8T
Yellow (526),Yellow,2/4/2025,"Madhupur, Tangail",27?°C,Cloudy,OnePlus 8T
Yellow (527),Yellow,2/4/2025,"Madhupur, Tangail",27?°C,Cloudy,OnePlus 8T
Yellow (528),Yellow,2/4/2025,"Madhupur, Tangail",27?°C,Cloudy,OnePlus 8T
Yellow (529),Yellow,2/4/2025,"Madhupur, Tangail",27?°C,Cloudy,OnePlus 8T
Yellow (530),Yellow,2/4/2025,"Madhupur, Tangail",27?°C,Cloudy,OnePlus 8T
Yellow (531),Yellow,2/4/2025,"Madhupur, Tangail",27?°C,Cloudy,OnePlus 8T
Yellow (532),Yellow,2/4/2025,"Madhupur, Tangail",27?°C,Cloudy,OnePlus 8T
Yellow (533),Yellow,2/4/2025,"Madhupur, Tangail",27?°C,Cloudy,OnePlus 8T
Yellow (534),Yellow,2/4/2025,"Madhupur, Tangail",27?°C,Cloudy,OnePlus 8T
Yellow (535),Yellow,2/4/2025,"Madhupur, Tangail",27?°C,Cloudy,OnePlus 8T
Yellow (536),Yellow,2/4/2025,"Madhupur, Tangail",27?°C,Cloudy,OnePlus 8T
Yellow (537),Yellow,2/4/2025,"Madhupur, Tangail",27?°C,Cloudy,OnePlus 8T
Yellow (538),Yellow,2/4/2025,"Madhupur, Tangail",27?°C,Cloudy,OnePlus 8T
Yellow (539),Yellow,2/4/2025,"Madhupur, Tangail",27?°C,Cloudy,OnePlus 8T
Yellow (540),Yellow,2/4/2025,"Madhupur, Tangail",27?°C,Cloudy,OnePlus 8T
Yellow (541),Yellow,2/4/2025,"Madhupur, Tangail",27?°C,Cloudy,OnePlus 8T
Yellow (542),Yellow,2/4/2025,"Madhupur, Tangail",27?°C,Cloudy,OnePlus 8T
Yellow (543),Yellow,2/4/2025,"Madhupur, Tangail",27?°C,Cloudy,OnePlus 8T
Yellow (544),Yellow,2/4/2025,"Madhupur, Tangail",27?°C,Cloudy,OnePlus 8T
Yellow (545),Yellow,2/4/2025,"Madhupur, Tangail",27?°C,Cloudy,OnePlus 8T
Yellow (546),Yellow,2/4/2025,"Madhupur, Tangail",27?°C,Cloudy,OnePlus 8T
Yellow (547),Yellow,2/4/2025,"Madhupur, Tangail",27?°C,Cloudy,OnePlus 8T
Yellow (548),Yellow,2/4/2025,"Madhupur, Tangail",27?°C,Cloudy,OnePlus 8T
Yellow (549),Yellow,2/4/2025,"Madhupur, Tangail",27?°C,Cloudy,OnePlus 8T
Yellow (550),Yellow,2/4/2025,"Madhupur, Tangail",27?°C,Cloudy,OnePlus 8T
Yellow (551),Yellow,2/4/2025,"Madhupur, Tangail",27?°C,Cloudy,OnePlus 8T
Yellow (552),Yellow,2/4/2025,"Madhupur, Tangail",27?°C,Cloudy,OnePlus 8T
Yellow (553),Yellow,2/4/2025,"Madhupur, Tangail",27?°C,Cloudy,OnePlus 8T
Yellow (554),Yellow,2/4/2025,"Madhupur, Tangail",27?°C,Cloudy,OnePlus 8T
Yellow (555),Yellow,2/4/2025,"Madhupur, Tangail",27?°C,Cloudy,OnePlus 8T
Yellow (556),Yellow,2/4/2025,"Madhupur, Tangail",27?°C,Cloudy,OnePlus 8T
Yellow (557),Yellow,2/4/2025,"Madhupur, Tangail",27?°C,Cloudy,OnePlus 8T
Yellow (558),Yellow,2/4/2025,"Madhupur, Tangail",27?°C,Cloudy,OnePlus 8T
Yellow (559),Yellow,2/4/2025,"Madhupur, Tangail",27?°C,Cloudy,OnePlus 8T
Yellow (560),Yellow,2/4/2025,"Madhupur, Tangail",27?°C,Cloudy,OnePlus 8T
Yellow (561),Yellow,2/4/2025,"Madhupur, Tangail",27?°C,Cloudy,OnePlus 8T
Yellow (562),Yellow,2/4/2025,"Madhupur, Tangail",27?°C,Cloudy,OnePlus 8T
Yellow (563),Yellow,2/4/2025,"Madhupur, Tangail",27?°C,Cloudy,OnePlus 8T
Yellow (564),Yellow,2/4/2025,"Madhupur, Tangail",27?°C,Cloudy,OnePlus 8T
Yellow (565),Yellow,2/4/2025,"Madhupur, Tangail",27?°C,Cloudy,OnePlus 8T
Yellow (566),Yellow,2/4/2025,"Madhupur, Tangail",27?°C,Cloudy,OnePlus 8T
Yellow (567),Yellow,2/4/2025,"Madhupur, Tangail",27?°C,Cloudy,OnePlus 8T
Yellow (568),Yellow,2/4/2025,"Madhupur, Tangail",27?°C,Cloudy,OnePlus 8T
Yellow (569),Yellow,2/4/2025,"Madhupur, Tangail",27?°C,Cloudy,OnePlus 8T
Yellow (570),Yellow,2/4/2025,"Madhupur, Tangail",27?°C,Cloudy,OnePlus 8T
Yellow (571),Yellow,2/4/2025,"Madhupur, Tangail",27?°C,Cloudy,OnePlus 8T
Yellow (572),Yellow,2/4/2025,"Madhupur, Tangail",27?°C,Cloudy,OnePlus 8T
Yellow (573),Yellow,2/4/2025,"Madhupur, Tangail",27?°C,Cloudy,OnePlus 8T
Yellow (574),Yellow,2/4/2025,"Madhupur, Tangail",27?°C,Cloudy,OnePlus 8T
Yellow (575),Yellow,2/4/2025,"Madhupur, Tangail",27?°C,Cloudy,OnePlus 8T
Yellow (576),Yellow,2/4/2025,"Madhupur, Tangail",27?°C,Cloudy,OnePlus 8T
Yellow (577),Yellow,2/4/2025,"Madhupur, Tangail",27?°C,Cloudy,OnePlus 8T
Yellow (578),Yellow,2/4/2025,"Madhupur, Tangail",27?°C,Cloudy,OnePlus 8T
Yellow (579),Yellow,2/4/2025,"Madhupur, Tangail",27?°C,Cloudy,OnePlus 8T
Yellow (580),Yellow,2/4/2025,"Madhupur, Tangail",27?°C,Cloudy,OnePlus 8T
Yellow (581),Yellow,2/4/2025,"Madhupur, Tangail",27?°C,Cloudy,OnePlus 8T
Yellow (582),Yellow,2/4/2025,"Madhupur, Tangail",27?°C,Cloudy,OnePlus 8T
Yellow (583),Yellow,2/4/2025,"Madhupur, Tangail",27?°C,Cloudy,OnePlus 8T
Yellow (584),Yellow,2/4/2025,"Madhupur, Tangail",27?°C,Cloudy,OnePlus 8T
Yellow (585),Yellow,2/4/2025,"Madhupur, Tangail",27?°C,Cloudy,OnePlus 8T
Yellow (586),Yellow,2/4/2025,"Madhupur, Tangail",27?°C,Cloudy,OnePlus 8T
Yellow (587),Yellow,2/4/2025,"Madhupur, Tangail",27?°C,Cloudy,OnePlus 8T
Yellow (588),Yellow,2/4/2025,"Madhupur, Tangail",27?°C,Cloudy,OnePlus 8T
Yellow (589),Yellow,2/4/2025,"Madhupur, Tangail",27?°C,Cloudy,OnePlus 8T
Yellow (590),Yellow,2/4/2025,"Madhupur, Tangail",27?°C,Cloudy,OnePlus 8T
Yellow (591),Yellow,2/4/2025,"Madhupur, Tangail",27?°C,Cloudy,OnePlus 8T
Yellow (592),Yellow,2/4/2025,"Madhupur, Tangail",27?°C,Cloudy,OnePlus 8T
Yellow (593),Yellow,2/4/2025,"Madhupur, Tangail",27?°C,Cloudy,OnePlus 8T
Yellow (594),Yellow,2/4/2025,"Madhupur, Tangail",27?°C,Cloudy,OnePlus 8T
Yellow (595),Yellow,2/4/2025,"Madhupur, Tangail",27?°C,Cloudy,OnePlus 8T
Yellow (596),Yellow,2/4/2025,"Madhupur, Tangail",27?°C,Cloudy,OnePlus 8T
Yellow (597),Yellow,2/4/2025,"Madhupur, Tangail",27?°C,Cloudy,OnePlus 8T
Yellow (598),Yellow,2/4/2025,"Madhupur, Tangail",27?°C,Cloudy,OnePlus 8T
Yellow (599),Yellow,2/4/2025,"Madhupur, Tangail",27?°C,Cloudy,OnePlus 8T
Yellow (600),Yellow,2/4/2025,"Madhupur, Tangail",27?°C,Cloudy,OnePlus 8T
Yellow (601),Yellow,2/4/2025,"Madhupur, Tangail",27?°C,Cloudy,OnePlus 8T
Yellow (602),Yellow,2/4/2025,"Madhupur, Tangail",27?°C,Cloudy,OnePlus 8T
Yellow (603),Yellow,2/4/2025,"Madhupur, Tangail",27?°C,Cloudy,OnePlus 8T
Yellow (604),Yellow,2/4/2025,"Madhupur, Tangail",27?°C,Cloudy,OnePlus 8T
Yellow (605),Yellow,2/4/2025,"Madhupur, Tangail",27?°C,Cloudy,OnePlus 8T
Yellow (606),Yellow,2/4/2025,"Madhupur, Tangail",27?°C,Cloudy,OnePlus 8T
Yellow (607),Yellow,2/4/2025,"Madhupur, Tangail",27?°C,Cloudy,OnePlus 8T
Yellow (608),Yellow,2/4/2025,"Madhupur, Tangail",27?°C,Cloudy,OnePlus 8T
Yellow (609),Yellow,2/4/2025,"Madhupur, Tangail",27?°C,Cloudy,OnePlus 8T
Yellow (610),Yellow,2/4/2025,"Madhupur, Tangail",27?°C,Cloudy,OnePlus 8T
Yellow (611),Yellow,2/4/2025,"Madhupur, Tangail",27?°C,Cloudy,OnePlus 8T
Yellow (612),Yellow,2/4/2025,"Madhupur, Tangail",27?°C,Cloudy,OnePlus 8T
Yellow (613),Yellow,2/4/2025,"Madhupur, Tangail",27?°C,Cloudy,OnePlus 8T
Yellow (614),Yellow,2/4/2025,"Madhupur, Tangail",27?°C,Cloudy,OnePlus 8T
Yellow (615),Yellow,2/4/2025,"Madhupur, Tangail",27?°C,Cloudy,OnePlus 8T
Yellow (616),Yellow,2/4/2025,"Madhupur, Tangail",27?°C,Cloudy,OnePlus 8T
Yellow (617),Yellow,2/4/2025,"Madhupur, Tangail",27?°C,Cloudy,OnePlus 8T
Yellow (618),Yellow,2/4/2025,"Madhupur, Tangail",27?°C,Cloudy,OnePlus 8T
Yellow (619),Yellow,2/4/2025,"Madhupur, Tangail",27?°C,Cloudy,OnePlus 8T
Yellow (620),Yellow,2/4/2025,"Madhupur, Tangail",27?°C,Cloudy,OnePlus 8T
Yellow (621),Yellow,2/4/2025,"Madhupur, Tangail",27?°C,Cloudy,OnePlus 8T
Yellow (622),Yellow,2/4/2025,"Madhupur, Tangail",27?°C,Cloudy,OnePlus 8T
Yellow (623),Yellow,2/4/2025,"Madhupur, Tangail",27?°C,Cloudy,OnePlus 8T
Yellow (624),Yellow,2/4/2025,"Madhupur, Tangail",27?°C,Cloudy,OnePlus 8T
Yellow (625),Yellow,1/9/2025," Birulia, Savar",36?°C,Sunny,OnePlus 8T
Yellow (626),Yellow,1/9/2025," Birulia, Savar",36?°C,Sunny,OnePlus 8T
Yellow (627),Yellow,1/9/2025," Birulia, Savar",36?°C,Sunny,OnePlus 8T
Yellow (628),Yellow,1/9/2025," Birulia, Savar",36?°C,Sunny,OnePlus 8T
Yellow (629),Yellow,1/9/2025," Birulia, Savar",36?°C,Sunny,OnePlus 8T
Yellow (630),Yellow,1/9/2025," Birulia, Savar",36?°C,Sunny,OnePlus 8T
Yellow (631),Yellow,1/9/2025," Birulia, Savar",36?°C,Sunny,OnePlus 8T
Yellow (632),Yellow,1/9/2025," Birulia, Savar",36?°C,Sunny,OnePlus 8T
Yellow (633),Yellow,1/9/2025," Birulia, Savar",36?°C,Sunny,OnePlus 8T
Yellow (634),Yellow,1/9/2025," Birulia, Savar",36?°C,Sunny,OnePlus 8T
Yellow (635),Yellow,1/9/2025," Birulia, Savar",36?°C,Sunny,OnePlus 8T
Yellow (636),Yellow,1/9/2025," Birulia, Savar",36?°C,Sunny,OnePlus 8T
Yellow (637),Yellow,1/9/2025," Birulia, Savar",36?°C,Sunny,OnePlus 8T
Yellow (638),Yellow,1/9/2025," Birulia, Savar",36?°C,Sunny,OnePlus 8T
Yellow (639),Yellow,1/9/2025," Birulia, Savar",36?°C,Sunny,OnePlus 8T
Yellow (640),Yellow,1/9/2025," Birulia, Savar",36?°C,Sunny,OnePlus 8T
Yellow (641),Yellow,1/9/2025," Birulia, Savar",36?°C,Sunny,OnePlus 8T
Yellow (642),Yellow,1/9/2025," Birulia, Savar",36?°C,Sunny,OnePlus 8T
Yellow (643),Yellow,1/9/2025," Birulia, Savar",36?°C,Sunny,OnePlus 8T
Yellow (644),Yellow,1/9/2025," Birulia, Savar",36?°C,Sunny,OnePlus 8T
Yellow (645),Yellow,1/9/2025," Birulia, Savar",36?°C,Sunny,OnePlus 8T
Yellow (646),Yellow,1/9/2025," Birulia, Savar",36?°C,Sunny,OnePlus 8T
Yellow (647),Yellow,1/9/2025," Birulia, Savar",36?°C,Sunny,OnePlus 8T
Yellow (648),Yellow,1/9/2025," Birulia, Savar",36?°C,Sunny,OnePlus 8T
Yellow (649),Yellow,1/9/2025," Birulia, Savar",36?°C,Sunny,OnePlus 8T
Yellow (650),Yellow,1/9/2025," Birulia, Savar",36?°C,Sunny,OnePlus 8T
Yellow (651),Yellow,1/9/2025," Birulia, Savar",36?°C,Sunny,OnePlus 8T
Yellow (652),Yellow,1/9/2025," Birulia, Savar",36?°C,Sunny,OnePlus 8T
Yellow (653),Yellow,1/9/2025," Birulia, Savar",36?°C,Sunny,OnePlus 8T
Yellow (654),Yellow,1/9/2025," Birulia, Savar",36?°C,Sunny,OnePlus 8T
Yellow (655),Yellow,1/9/2025," Birulia, Savar",36?°C,Sunny,OnePlus 8T
Yellow (656),Yellow,1/9/2025," Birulia, Savar",36?°C,Sunny,OnePlus 8T
Yellow (657),Yellow,1/9/2025," Birulia, Savar",36?°C,Sunny,OnePlus 8T
Yellow (658),Yellow,1/9/2025," Birulia, Savar",36?°C,Sunny,OnePlus 8T
Yellow (659),Yellow,1/9/2025," Birulia, Savar",36?°C,Sunny,OnePlus 8T
Yellow (660),Yellow,1/9/2025," Birulia, Savar",36?°C,Sunny,OnePlus 8T
Yellow (661),Yellow,1/9/2025," Birulia, Savar",36?°C,Sunny,OnePlus 8T
Yellow (662),Yellow,1/9/2025," Birulia, Savar",36?°C,Sunny,OnePlus 8T
Yellow (663),Yellow,1/9/2025," Birulia, Savar",36?°C,Sunny,OnePlus 8T
Yellow (664),Yellow,1/9/2025," Birulia, Savar",36?°C,Sunny,OnePlus 8T
Yellow (665),Yellow,1/9/2025," Birulia, Savar",36?°C,Sunny,OnePlus 8T
Yellow (666),Yellow,1/9/2025," Birulia, Savar",36?°C,Sunny,OnePlus 8T
Yellow (667),Yellow,1/9/2025," Birulia, Savar",36?°C,Sunny,OnePlus 8T
Yellow (668),Yellow,1/9/2025," Birulia, Savar",36?°C,Sunny,OnePlus 8T
Yellow (669),Yellow,1/9/2025," Birulia, Savar",36?°C,Sunny,OnePlus 8T
Yellow (670),Yellow,1/9/2025," Birulia, Savar",36?°C,Sunny,OnePlus 8T
Yellow (671),Yellow,1/9/2025," Birulia, Savar",36?°C,Sunny,OnePlus 8T
Yellow (672),Yellow,1/9/2025," Birulia, Savar",36?°C,Sunny,OnePlus 8T
Yellow (673),Yellow,1/9/2025," Birulia, Savar",36?°C,Sunny,OnePlus 8T
Yellow (674),Yellow,1/9/2025," Birulia, Savar",36?°C,Sunny,OnePlus 8T
Yellow (675),Yellow,1/9/2025," Birulia, Savar",36?°C,Sunny,OnePlus 8T
Yellow (676),Yellow,1/9/2025," Birulia, Savar",36?°C,Sunny,OnePlus 8T
Yellow (677),Yellow,1/9/2025," Birulia, Savar",36?°C,Sunny,OnePlus 8T
Yellow (678),Yellow,1/9/2025," Birulia, Savar",36?°C,Sunny,OnePlus 8T
Yellow (679),Yellow,1/9/2025," Birulia, Savar",36?°C,Sunny,OnePlus 8T
Yellow (680),Yellow,1/9/2025," Birulia, Savar",36?°C,Sunny,OnePlus 8T
Yellow (681),Yellow,1/9/2025," Birulia, Savar",36?°C,Sunny,OnePlus 8T
Yellow (682),Yellow,1/9/2025," Birulia, Savar",36?°C,Sunny,OnePlus 8T
Yellow (683),Yellow,1/9/2025," Birulia, Savar",36?°C,Sunny,OnePlus 8T
Yellow (684),Yellow,1/9/2025," Birulia, Savar",36?°C,Sunny,OnePlus 8T
Yellow (685),Yellow,1/9/2025," Birulia, Savar",36?°C,Sunny,OnePlus 8T
Yellow (686),Yellow,1/9/2025," Birulia, Savar",36?°C,Sunny,OnePlus 8T
Yellow (687),Yellow,1/9/2025," Birulia, Savar",36?°C,Sunny,OnePlus 8T
Yellow (688),Yellow,1/9/2025," Birulia, Savar",36?°C,Sunny,OnePlus 8T
Yellow (689),Yellow,1/9/2025," Birulia, Savar",36?°C,Sunny,OnePlus 8T
Yellow (690),Yellow,1/9/2025," Birulia, Savar",36?°C,Sunny,OnePlus 8T
Yellow (691),Yellow,1/9/2025," Birulia, Savar",36?°C,Sunny,OnePlus 8T
Yellow (692),Yellow,1/9/2025," Birulia, Savar",36?°C,Sunny,OnePlus 8T
Yellow (693),Yellow,1/9/2025," Birulia, Savar",36?°C,Sunny,OnePlus 8T
Yellow (694),Yellow,1/9/2025," Birulia, Savar",36?°C,Sunny,OnePlus 8T
Yellow (695),Yellow,1/9/2025," Birulia, Savar",36?°C,Sunny,OnePlus 8T
Yellow (696),Yellow,1/9/2025," Birulia, Savar",36?°C,Sunny,OnePlus 8T
Yellow (697),Yellow,1/9/2025," Birulia, Savar",36?°C,Sunny,OnePlus 8T
Yellow (698),Yellow,1/9/2025," Birulia, Savar",36?°C,Sunny,OnePlus 8T
Yellow (699),Yellow,1/9/2025," Birulia, Savar",36?°C,Sunny,OnePlus 8T
Yellow (700),Yellow,1/9/2025," Birulia, Savar",36?°C,Sunny,OnePlus 8T
Yellow (701),Yellow,1/9/2025," Birulia, Savar",36?°C,Sunny,OnePlus 8T
Yellow (702),Yellow,1/9/2025," Birulia, Savar",36?°C,Sunny,OnePlus 8T
Yellow (703),Yellow,1/9/2025," Birulia, Savar",36?°C,Sunny,OnePlus 8T
Yellow (704),Yellow,1/9/2025," Birulia, Savar",36?°C,Sunny,OnePlus 8T
Yellow (705),Yellow,1/9/2025," Birulia, Savar",36?°C,Sunny,OnePlus 8T
Yellow (706),Yellow,1/9/2025," Birulia, Savar",36?°C,Sunny,OnePlus 8T
Yellow (707),Yellow,1/9/2025," Birulia, Savar",36?°C,Sunny,OnePlus 8T
Yellow (708),Yellow,1/9/2025," Birulia, Savar",36?°C,Sunny,OnePlus 8T
Yellow (709),Yellow,1/9/2025," Birulia, Savar",36?°C,Sunny,OnePlus 8T
Yellow (710),Yellow,1/9/2025," Birulia, Savar",36?°C,Sunny,OnePlus 8T
Yellow (711),Yellow,1/9/2025," Birulia, Savar",36?°C,Sunny,OnePlus 8T
Yellow (712),Yellow,1/9/2025," Birulia, Savar",36?°C,Sunny,OnePlus 8T
Yellow (713),Yellow,1/9/2025," Birulia, Savar",36?°C,Sunny,OnePlus 8T
Yellow (714),Yellow,1/9/2025," Birulia, Savar",36?°C,Sunny,OnePlus 8T
Yellow (715),Yellow,1/9/2025," Birulia, Savar",36?°C,Sunny,OnePlus 8T
Yellow (716),Yellow,1/9/2025," Birulia, Savar",36?°C,Sunny,OnePlus 8T
Yellow (717),Yellow,1/9/2025," Birulia, Savar",36?°C,Sunny,OnePlus 8T
Yellow (718),Yellow,1/9/2025," Birulia, Savar",36?°C,Sunny,OnePlus 8T
Yellow (719),Yellow,1/9/2025," Birulia, Savar",36?°C,Sunny,OnePlus 8T
Yellow (720),Yellow,1/9/2025," Birulia, Savar",36?°C,Sunny,OnePlus 8T
Yellow (721),Yellow,1/9/2025," Birulia, Savar",36?°C,Sunny,OnePlus 8T
Yellow (722),Yellow,1/9/2025," Birulia, Savar",36?°C,Sunny,OnePlus 8T
Yellow (723),Yellow,1/9/2025," Birulia, Savar",36?°C,Sunny,OnePlus 8T
Yellow (724),Yellow,1/9/2025," Birulia, Savar",36?°C,Sunny,OnePlus 8T
Yellow (725),Yellow,1/9/2025," Birulia, Savar",36?°C,Sunny,OnePlus 8T
Yellow (726),Yellow,1/9/2025," Birulia, Savar",36?°C,Sunny,OnePlus 8T
Yellow (727),Yellow,1/9/2025," Birulia, Savar",36?°C,Sunny,OnePlus 8T
Yellow (728),Yellow,1/9/2025," Birulia, Savar",36?°C,Sunny,OnePlus 8T
Yellow (729),Yellow,1/9/2025," Birulia, Savar",36?°C,Sunny,OnePlus 8T
Yellow (730),Yellow,1/9/2025," Birulia, Savar",36?°C,Sunny,OnePlus 8T
Yellow (731),Yellow,1/9/2025," Birulia, Savar",36?°C,Sunny,OnePlus 8T
Yellow (732),Yellow,1/9/2025," Birulia, Savar",36?°C,Sunny,OnePlus 8T
Yellow (733),Yellow,1/9/2025," Birulia, Savar",36?°C,Sunny,OnePlus 8T
Yellow (734),Yellow,1/9/2025," Birulia, Savar",36?°C,Sunny,OnePlus 8T
Yellow (735),Yellow,1/9/2025," Birulia, Savar",36?°C,Sunny,OnePlus 8T
Yellow (736),Yellow,1/9/2025," Birulia, Savar",36?°C,Sunny,OnePlus 8T
Yellow (737),Yellow,1/9/2025," Birulia, Savar",36?°C,Sunny,OnePlus 8T
Yellow (738),Yellow,1/9/2025," Birulia, Savar",36?°C,Sunny,OnePlus 8T
Yellow (739),Yellow,1/9/2025," Birulia, Savar",36?°C,Sunny,OnePlus 8T
Yellow (740),Yellow,1/9/2025," Birulia, Savar",36?°C,Sunny,OnePlus 8T
Yellow (741),Yellow,1/9/2025," Birulia, Savar",36?°C,Sunny,OnePlus 8T
Yellow (742),Yellow,1/9/2025," Birulia, Savar",36?°C,Sunny,OnePlus 8T
Yellow (743),Yellow,1/9/2025," Birulia, Savar",36?°C,Sunny,OnePlus 8T
Yellow (744),Yellow,1/9/2025," Birulia, Savar",36?°C,Sunny,OnePlus 8T
Yellow (745),Yellow,1/9/2025," Birulia, Savar",36?°C,Sunny,OnePlus 8T
Yellow (746),Yellow,1/9/2025," Birulia, Savar",36?°C,Sunny,OnePlus 8T
Yellow (747),Yellow,1/9/2025," Birulia, Savar",36?°C,Sunny,OnePlus 8T
Yellow (748),Yellow,1/9/2025," Birulia, Savar",36?°C,Sunny,OnePlus 8T
Yellow (749),Yellow,1/9/2025," Birulia, Savar",36?°C,Sunny,OnePlus 8T
Yellow (750),Yellow,1/9/2025," Birulia, Savar",36?°C,Sunny,OnePlus 8T
Yellow (751),Yellow,1/9/2025," Birulia, Savar",36?°C,Sunny,OnePlus 8T
Yellow (752),Yellow,1/9/2025," Birulia, Savar",36?°C,Sunny,OnePlus 8T
Yellow (753),Yellow,1/9/2025," Birulia, Savar",36?°C,Sunny,OnePlus 8T
Yellow (754),Yellow,1/9/2025," Birulia, Savar",36?°C,Sunny,OnePlus 8T
Yellow (755),Yellow,1/9/2025," Birulia, Savar",36?°C,Sunny,OnePlus 8T
Yellow (756),Yellow,1/9/2025," Birulia, Savar",36?°C,Sunny,OnePlus 8T
Yellow (757),Yellow,1/9/2025," Birulia, Savar",36?°C,Sunny,OnePlus 8T
Yellow (758),Yellow,1/9/2025," Birulia, Savar",36?°C,Sunny,OnePlus 8T
Yellow (759),Yellow,1/9/2025," Birulia, Savar",36?°C,Sunny,OnePlus 8T
Yellow (760),Yellow,1/9/2025," Birulia, Savar",36?°C,Sunny,OnePlus 8T
Yellow (761),Yellow,1/9/2025," Birulia, Savar",36?°C,Sunny,OnePlus 8T
Yellow (762),Yellow,1/9/2025," Birulia, Savar",36?°C,Sunny,OnePlus 8T
Yellow (763),Yellow,1/9/2025," Birulia, Savar",36?°C,Sunny,OnePlus 8T
Yellow (764),Yellow,1/9/2025," Birulia, Savar",36?°C,Sunny,OnePlus 8T
Yellow (765),Yellow,1/9/2025," Birulia, Savar",36?°C,Sunny,OnePlus 8T
Yellow (766),Yellow,1/9/2025," Birulia, Savar",36?°C,Sunny,OnePlus 8T
Yellow (767),Yellow,1/9/2025," Birulia, Savar",36?°C,Sunny,OnePlus 8T
Yellow (768),Yellow,1/9/2025," Birulia, Savar",36?°C,Sunny,OnePlus 8T
Yellow (769),Yellow,1/9/2025," Birulia, Savar",36?°C,Sunny,OnePlus 8T
Yellow (770),Yellow,1/9/2025," Birulia, Savar",36?°C,Sunny,OnePlus 8T
Yellow (771),Yellow,1/9/2025," Birulia, Savar",36?°C,Sunny,OnePlus 8T
Yellow (772),Yellow,1/9/2025," Birulia, Savar",36?°C,Sunny,OnePlus 8T
Yellow (773),Yellow,1/9/2025," Birulia, Savar",36?°C,Sunny,OnePlus 8T
Yellow (774),Yellow,1/9/2025," Birulia, Savar",36?°C,Sunny,OnePlus 8T
Yellow (775),Yellow,1/9/2025," Birulia, Savar",36?°C,Sunny,OnePlus 8T
Yellow (776),Yellow,1/9/2025," Birulia, Savar",36?°C,Sunny,OnePlus 8T
Yellow (777),Yellow,1/9/2025," Birulia, Savar",36?°C,Sunny,OnePlus 8T
Yellow (778),Yellow,1/9/2025," Birulia, Savar",36?°C,Sunny,OnePlus 8T
Yellow (779),Yellow,1/9/2025," Birulia, Savar",36?°C,Sunny,OnePlus 8T
Yellow (780),Yellow,1/9/2025," Birulia, Savar",36?°C,Sunny,OnePlus 8T
Yellow (781),Yellow,1/9/2025," Birulia, Savar",36?°C,Sunny,OnePlus 8T
Yellow (782),Yellow,1/9/2025," Birulia, Savar",36?°C,Sunny,OnePlus 8T
Yellow (783),Yellow,1/9/2025," Birulia, Savar",36?°C,Sunny,OnePlus 8T
Yellow (784),Yellow,1/9/2025," Birulia, Savar",36?°C,Sunny,OnePlus 8T
Yellow (785),Yellow,1/9/2025," Birulia, Savar",36?°C,Sunny,OnePlus 8T
Yellow (786),Yellow,1/9/2025," Birulia, Savar",36?°C,Sunny,OnePlus 8T
Yellow (787),Yellow,1/9/2025," Birulia, Savar",36?°C,Sunny,OnePlus 8T
Yellow (788),Yellow,1/9/2025," Birulia, Savar",36?°C,Sunny,OnePlus 8T
Yellow (789),Yellow,1/9/2025," Birulia, Savar",36?°C,Sunny,OnePlus 8T
Yellow (790),Yellow,1/9/2025," Birulia, Savar",36?°C,Sunny,OnePlus 8T
Yellow (791),Yellow,1/9/2025," Birulia, Savar",36?°C,Sunny,OnePlus 8T
Yellow (792),Yellow,1/9/2025," Birulia, Savar",36?°C,Sunny,OnePlus 8T
Yellow (793),Yellow,1/9/2025," Birulia, Savar",36?°C,Sunny,OnePlus 8T
Yellow (794),Yellow,1/9/2025," Birulia, Savar",36?°C,Sunny,OnePlus 8T
Yellow (795),Yellow,1/9/2025," Birulia, Savar",36?°C,Sunny,OnePlus 8T
,,,,,,
,,,,,,
,,,,,,
,,,,,,
,,,,,,
,,,,,,
,,,,,,
,,,,,,
,,,,,,
,,,,,,
,,,,,,
,,,,,,
,,,,,,
,,,,,,
,,,,,,
,,,,,,
,,,,,,
,,,,,,
,,,,,,
,,,,,,
,,,,,,
,,,,,,
,,,,,,
,,,,,,
,,,,,,
,,,,,,
,,,,,,
,,,,,,
,,,,,,
,,,,,,
,,,,,,
,,,,,,
,,,,,,
,,,,,,
,,,,,,
,,,,,,
,,,,,,
,,,,,,
,,,,,,
,,,,,,
,,,,,,
,,,,,,
,,,,,,
,,,,,,
,,,,,,
